date,total_patients,year,source_file,source_sheet
2022-05-20,3,2022,heat_illness_2022.xls,총괄
2022-05-21,2,2022,heat_illness_2022.xls,총괄
2022-05-22,3,2022,heat_illness_2022.xls,총괄
2022-05-23,4,2022,heat_illness_2022.xls,총괄
2022-05-24,5,2022,heat_illness_2022.xls,총괄
2022-05-25,5,2022,heat_illness_2022.xls,총괄
2022-05-26,0,2022,heat_illness_2022.xls,총괄
2022-05-27,0,2022,heat_illness_2022.xls,총괄
2022-05-28,7,2022,heat_illness_2022.xls,총괄
2022-05-29,1,2022,heat_illness_2022.xls,총괄
2022-05-30,0,2022,heat_illness_2022.xls,총괄
2022-05-31,1,2022,heat_illness_2022.xls,총괄
2022-06-01,6,2022,heat_illness_2022.xls,총괄
2022-06-02,2,2022,heat_illness_2022.xls,총괄
2022-06-03,11,2022,heat_illness_2022.xls,총괄
2022-06-04,3,2022,heat_illness_2022.xls,총괄
2022-06-05,1,2022,heat_illness_2022.xls,총괄
2022-06-06,3,2022,heat_illness_2022.xls,총괄
2022-06-07,1,2022,heat_illness_2022.xls,총괄
2022-06-08,1,2022,heat_illness_2022.xls,총괄
2022-06-09,1,2022,heat_illness_2022.xls,총괄
2022-06-10,6,2022,heat_illness_2022.xls,총괄
2022-06-11,4,2022,heat_illness_2022.xls,총괄
2022-06-12,6,2022,heat_illness_2022.xls,총괄
2022-06-13,0,2022,heat_illness_2022.xls,총괄
2022-06-14,1,2022,heat_illness_2022.xls,총괄
2022-06-15,1,2022,heat_illness_2022.xls,총괄
2022-06-16,2,2022,heat_illness_2022.xls,총괄
2022-06-17,7,2022,heat_illness_2022.xls,총괄
2022-06-18,10,2022,heat_illness_2022.xls,총괄
2022-06-19,7,2022,heat_illness_2022.xls,총괄
2022-06-20,13,2022,heat_illness_2022.xls,총괄
2022-06-21,24,2022,heat_illness_2022.xls,총괄
2022-06-22,25,2022,heat_illness_2022.xls,총괄
2022-06-23,3,2022,heat_illness_2022.xls,총괄
2022-06-24,8,2022,heat_illness_2022.xls,총괄
2022-06-25,6,2022,heat_illness_2022.xls,총괄
2022-06-26,10,2022,heat_illness_2022.xls,총괄
2022-06-27,3,2022,heat_illness_2022.xls,총괄
2022-06-28,4,2022,heat_illness_2022.xls,총괄
2022-06-29,8,2022,heat_illness_2022.xls,총괄
2022-06-30,12,2022,heat_illness_2022.xls,총괄
2022-07-01,56,2022,heat_illness_2022.xls,총괄
2022-07-02,115,2022,heat_illness_2022.xls,총괄
2022-07-03,60,2022,heat_illness_2022.xls,총괄
2022-07-04,48,2022,heat_illness_2022.xls,총괄
2022-07-05,54,2022,heat_illness_2022.xls,총괄
2022-07-06,65,2022,heat_illness_2022.xls,총괄
2022-07-07,42,2022,heat_illness_2022.xls,총괄
2022-07-08,17,2022,heat_illness_2022.xls,총괄
2022-07-09,25,2022,heat_illness_2022.xls,총괄
2022-07-10,34,2022,heat_illness_2022.xls,총괄
2022-07-11,10,2022,heat_illness_2022.xls,총괄
2022-07-12,16,2022,heat_illness_2022.xls,총괄
2022-07-13,6,2022,heat_illness_2022.xls,총괄
2022-07-14,10,2022,heat_illness_2022.xls,총괄
2022-07-15,13,2022,heat_illness_2022.xls,총괄
2022-07-16,9,2022,heat_illness_2022.xls,총괄
2022-07-17,4,2022,heat_illness_2022.xls,총괄
2022-07-18,4,2022,heat_illness_2022.xls,총괄
2022-07-19,13,2022,heat_illness_2022.xls,총괄
2022-07-20,24,2022,heat_illness_2022.xls,총괄
2022-07-21,1,2022,heat_illness_2022.xls,총괄
2022-07-22,7,2022,heat_illness_2022.xls,총괄
2022-07-23,6,2022,heat_illness_2022.xls,총괄
2022-07-24,3,2022,heat_illness_2022.xls,총괄
2022-07-25,29,2022,heat_illness_2022.xls,총괄
2022-07-26,35,2022,heat_illness_2022.xls,총괄
2022-07-27,15,2022,heat_illness_2022.xls,총괄
2022-07-28,28,2022,heat_illness_2022.xls,총괄
2022-07-29,48,2022,heat_illness_2022.xls,총괄
2022-07-30,31,2022,heat_illness_2022.xls,총괄
2022-07-31,3,2022,heat_illness_2022.xls,총괄
2022-08-01,17,2022,heat_illness_2022.xls,총괄
2022-08-02,6,2022,heat_illness_2022.xls,총괄
2022-08-03,27,2022,heat_illness_2022.xls,총괄
2022-08-04,51,2022,heat_illness_2022.xls,총괄
2022-08-05,50,2022,heat_illness_2022.xls,총괄
2022-08-06,68,2022,heat_illness_2022.xls,총괄
2022-08-07,53,2022,heat_illness_2022.xls,총괄
2022-08-08,12,2022,heat_illness_2022.xls,총괄
2022-08-09,9,2022,heat_illness_2022.xls,총괄
2022-08-10,9,2022,heat_illness_2022.xls,총괄
2022-08-11,6,2022,heat_illness_2022.xls,총괄
2022-08-12,20,2022,heat_illness_2022.xls,총괄
2022-08-13,15,2022,heat_illness_2022.xls,총괄
2022-08-14,15,2022,heat_illness_2022.xls,총괄
2022-08-15,14,2022,heat_illness_2022.xls,총괄
2022-08-16,7,2022,heat_illness_2022.xls,총괄
2022-08-17,5,2022,heat_illness_2022.xls,총괄
2022-08-18,5,2022,heat_illness_2022.xls,총괄
2022-08-19,1,2022,heat_illness_2022.xls,총괄
2022-08-20,17,2022,heat_illness_2022.xls,총괄
2022-08-21,18,2022,heat_illness_2022.xls,총괄
2022-08-22,12,2022,heat_illness_2022.xls,총괄
2022-08-23,5,2022,heat_illness_2022.xls,총괄
2022-08-24,0,2022,heat_illness_2022.xls,총괄
2022-08-25,2,2022,heat_illness_2022.xls,총괄
2022-08-26,3,2022,heat_illness_2022.xls,총괄
2022-08-27,1,2022,heat_illness_2022.xls,총괄
2022-08-28,3,2022,heat_illness_2022.xls,총괄
2022-08-29,0,2022,heat_illness_2022.xls,총괄
2022-08-30,1,2022,heat_illness_2022.xls,총괄
2022-08-31,1,2022,heat_illness_2022.xls,총괄
2022-09-01,1,2022,heat_illness_2022.xls,총괄
2022-09-02,2,2022,heat_illness_2022.xls,총괄
2022-09-03,0,2022,heat_illness_2022.xls,총괄
2022-09-04,4,2022,heat_illness_2022.xls,총괄
2022-09-05,1,2022,heat_illness_2022.xls,총괄
2022-09-06,0,2022,heat_illness_2022.xls,총괄
2022-09-07,3,2022,heat_illness_2022.xls,총괄
2022-09-08,4,2022,heat_illness_2022.xls,총괄
2022-09-09,1,2022,heat_illness_2022.xls,총괄
2022-09-10,0,2022,heat_illness_2022.xls,총괄
2022-09-11,0,2022,heat_illness_2022.xls,총괄
2022-09-12,1,2022,heat_illness_2022.xls,총괄
2022-09-13,0,2022,heat_illness_2022.xls,총괄
2022-09-14,1,2022,heat_illness_2022.xls,총괄
2022-09-15,2,2022,heat_illness_2022.xls,총괄
2022-09-16,6,2022,heat_illness_2022.xls,총괄
2022-09-17,17,2022,heat_illness_2022.xls,총괄
2022-09-18,9,2022,heat_illness_2022.xls,총괄
2022-09-19,1,2022,heat_illness_2022.xls,총괄
2022-09-20,0,2022,heat_illness_2022.xls,총괄
2022-09-21,1,2022,heat_illness_2022.xls,총괄
2022-09-22,0,2022,heat_illness_2022.xls,총괄
2022-09-23,0,2022,heat_illness_2022.xls,총괄
2022-09-24,3,2022,heat_illness_2022.xls,총괄
2022-09-25,0,2022,heat_illness_2022.xls,총괄
2022-09-26,0,2022,heat_illness_2022.xls,총괄
2022-09-27,1,2022,heat_illness_2022.xls,총괄
2022-09-28,0,2022,heat_illness_2022.xls,총괄
2022-09-29,1,2022,heat_illness_2022.xls,총괄
2022-09-30,1,2022,heat_illness_2022.xls,총괄
2023-05-20,16,2023,heat_illness_2023.xls,총괄
2023-05-21,8,2023,heat_illness_2023.xls,총괄
2023-05-22,0,2023,heat_illness_2023.xls,총괄
2023-05-23,2,2023,heat_illness_2023.xls,총괄
2023-05-24,1,2023,heat_illness_2023.xls,총괄
2023-05-25,2,2023,heat_illness_2023.xls,총괄
2023-05-26,2,2023,heat_illness_2023.xls,총괄
2023-05-27,0,2023,heat_illness_2023.xls,총괄
2023-05-28,0,2023,heat_illness_2023.xls,총괄
2023-05-29,1,2023,heat_illness_2023.xls,총괄
2023-05-30,1,2023,heat_illness_2023.xls,총괄
2023-05-31,1,2023,heat_illness_2023.xls,총괄
2023-06-01,0,2023,heat_illness_2023.xls,총괄
2023-06-02,4,2023,heat_illness_2023.xls,총괄
2023-06-03,1,2023,heat_illness_2023.xls,총괄
2023-06-04,4,2023,heat_illness_2023.xls,총괄
2023-06-05,1,2023,heat_illness_2023.xls,총괄
2023-06-06,2,2023,heat_illness_2023.xls,총괄
2023-06-07,2,2023,heat_illness_2023.xls,총괄
2023-06-08,2,2023,heat_illness_2023.xls,총괄
2023-06-09,4,2023,heat_illness_2023.xls,총괄
2023-06-10,12,2023,heat_illness_2023.xls,총괄
2023-06-11,5,2023,heat_illness_2023.xls,총괄
2023-06-12,2,2023,heat_illness_2023.xls,총괄
2023-06-13,4,2023,heat_illness_2023.xls,총괄
2023-06-14,6,2023,heat_illness_2023.xls,총괄
2023-06-15,4,2023,heat_illness_2023.xls,총괄
2023-06-16,8,2023,heat_illness_2023.xls,총괄
2023-06-17,17,2023,heat_illness_2023.xls,총괄
2023-06-18,14,2023,heat_illness_2023.xls,총괄
2023-06-19,24,2023,heat_illness_2023.xls,총괄
2023-06-20,3,2023,heat_illness_2023.xls,총괄
2023-06-21,0,2023,heat_illness_2023.xls,총괄
2023-06-22,2,2023,heat_illness_2023.xls,총괄
2023-06-23,10,2023,heat_illness_2023.xls,총괄
2023-06-24,15,2023,heat_illness_2023.xls,총괄
2023-06-25,11,2023,heat_illness_2023.xls,총괄
2023-06-26,1,2023,heat_illness_2023.xls,총괄
2023-06-27,9,2023,heat_illness_2023.xls,총괄
2023-06-28,10,2023,heat_illness_2023.xls,총괄
2023-06-29,2,2023,heat_illness_2023.xls,총괄
2023-06-30,8,2023,heat_illness_2023.xls,총괄
2023-07-01,38,2023,heat_illness_2023.xls,총괄
2023-07-02,36,2023,heat_illness_2023.xls,총괄
2023-07-03,72,2023,heat_illness_2023.xls,총괄
2023-07-04,9,2023,heat_illness_2023.xls,총괄
2023-07-05,16,2023,heat_illness_2023.xls,총괄
2023-07-06,20,2023,heat_illness_2023.xls,총괄
2023-07-07,6,2023,heat_illness_2023.xls,총괄
2023-07-08,10,2023,heat_illness_2023.xls,총괄
2023-07-09,6,2023,heat_illness_2023.xls,총괄
2023-07-10,17,2023,heat_illness_2023.xls,총괄
2023-07-11,7,2023,heat_illness_2023.xls,총괄
2023-07-12,16,2023,heat_illness_2023.xls,총괄
2023-07-13,6,2023,heat_illness_2023.xls,총괄
2023-07-14,4,2023,heat_illness_2023.xls,총괄
2023-07-15,4,2023,heat_illness_2023.xls,총괄
2023-07-16,4,2023,heat_illness_2023.xls,총괄
2023-07-17,12,2023,heat_illness_2023.xls,총괄
2023-07-18,6,2023,heat_illness_2023.xls,총괄
2023-07-19,52,2023,heat_illness_2023.xls,총괄
2023-07-20,73,2023,heat_illness_2023.xls,총괄
2023-07-21,85,2023,heat_illness_2023.xls,총괄
2023-07-22,13,2023,heat_illness_2023.xls,총괄
2023-07-23,4,2023,heat_illness_2023.xls,총괄
2023-07-24,7,2023,heat_illness_2023.xls,총괄
2023-07-25,14,2023,heat_illness_2023.xls,총괄
2023-07-26,46,2023,heat_illness_2023.xls,총괄
2023-07-27,68,2023,heat_illness_2023.xls,총괄
2023-07-28,90,2023,heat_illness_2023.xls,총괄
2023-07-29,103,2023,heat_illness_2023.xls,총괄
2023-07-30,66,2023,heat_illness_2023.xls,총괄
2023-07-31,77,2023,heat_illness_2023.xls,총괄
2023-08-01,97,2023,heat_illness_2023.xls,총괄
2023-08-02,98,2023,heat_illness_2023.xls,총괄
2023-08-03,133,2023,heat_illness_2023.xls,총괄
2023-08-04,110,2023,heat_illness_2023.xls,총괄
2023-08-05,128,2023,heat_illness_2023.xls,총괄
2023-08-06,117,2023,heat_illness_2023.xls,총괄
2023-08-07,114,2023,heat_illness_2023.xls,총괄
2023-08-08,95,2023,heat_illness_2023.xls,총괄
2023-08-09,22,2023,heat_illness_2023.xls,총괄
2023-08-10,4,2023,heat_illness_2023.xls,총괄
2023-08-11,13,2023,heat_illness_2023.xls,총괄
2023-08-12,29,2023,heat_illness_2023.xls,총괄
2023-08-13,32,2023,heat_illness_2023.xls,총괄
2023-08-14,76,2023,heat_illness_2023.xls,총괄
2023-08-15,70,2023,heat_illness_2023.xls,총괄
2023-08-16,31,2023,heat_illness_2023.xls,총괄
2023-08-17,42,2023,heat_illness_2023.xls,총괄
2023-08-18,47,2023,heat_illness_2023.xls,총괄
2023-08-19,35,2023,heat_illness_2023.xls,총괄
2023-08-20,31,2023,heat_illness_2023.xls,총괄
2023-08-21,49,2023,heat_illness_2023.xls,총괄
2023-08-22,34,2023,heat_illness_2023.xls,총괄
2023-08-23,18,2023,heat_illness_2023.xls,총괄
2023-08-24,5,2023,heat_illness_2023.xls,총괄
2023-08-25,7,2023,heat_illness_2023.xls,총괄
2023-08-26,14,2023,heat_illness_2023.xls,총괄
2023-08-27,12,2023,heat_illness_2023.xls,총괄
2023-08-28,1,2023,heat_illness_2023.xls,총괄
2023-08-29,3,2023,heat_illness_2023.xls,총괄
2023-08-30,3,2023,heat_illness_2023.xls,총괄
2023-08-31,4,2023,heat_illness_2023.xls,총괄
2023-09-01,6,2023,heat_illness_2023.xls,총괄
2023-09-02,9,2023,heat_illness_2023.xls,총괄
2023-09-03,18,2023,heat_illness_2023.xls,총괄
2023-09-04,10,2023,heat_illness_2023.xls,총괄
2023-09-05,7,2023,heat_illness_2023.xls,총괄
2023-09-06,19,2023,heat_illness_2023.xls,총괄
2023-09-07,5,2023,heat_illness_2023.xls,총괄
2023-09-08,2,2023,heat_illness_2023.xls,총괄
2023-09-09,10,2023,heat_illness_2023.xls,총괄
2023-09-10,8,2023,heat_illness_2023.xls,총괄
2023-09-11,6,2023,heat_illness_2023.xls,총괄
2023-09-12,6,2023,heat_illness_2023.xls,총괄
2023-09-13,2,2023,heat_illness_2023.xls,총괄
2023-09-14,0,2023,heat_illness_2023.xls,총괄
2023-09-15,1,2023,heat_illness_2023.xls,총괄
2023-09-16,3,2023,heat_illness_2023.xls,총괄
2023-09-17,8,2023,heat_illness_2023.xls,총괄
2023-09-18,6,2023,heat_illness_2023.xls,총괄
2023-09-19,5,2023,heat_illness_2023.xls,총괄
2023-09-20,2,2023,heat_illness_2023.xls,총괄
2023-09-21,0,2023,heat_illness_2023.xls,총괄
2023-09-22,0,2023,heat_illness_2023.xls,총괄
2023-09-23,1,2023,heat_illness_2023.xls,총괄
2023-09-24,2,2023,heat_illness_2023.xls,총괄
2023-09-25,0,2023,heat_illness_2023.xls,총괄
2023-09-26,0,2023,heat_illness_2023.xls,총괄
2023-09-27,0,2023,heat_illness_2023.xls,총괄
2023-09-28,0,2023,heat_illness_2023.xls,총괄
2023-09-29,0,2023,heat_illness_2023.xls,총괄
2023-09-30,0,2023,heat_illness_2023.xls,총괄
2024-05-20,0,2024,heat_illness_2024.xls,총괄
2024-05-21,2,2024,heat_illness_2024.xls,총괄
2024-05-22,7,2024,heat_illness_2024.xls,총괄
2024-05-23,7,2024,heat_illness_2024.xls,총괄
2024-05-24,10,2024,heat_illness_2024.xls,총괄
2024-05-25,5,2024,heat_illness_2024.xls,총괄
2024-05-26,1,2024,heat_illness_2024.xls,총괄
2024-05-27,0,2024,heat_illness_2024.xls,총괄
2024-05-28,2,2024,heat_illness_2024.xls,총괄
2024-05-29,4,2024,heat_illness_2024.xls,총괄
2024-05-30,0,2024,heat_illness_2024.xls,총괄
2024-05-31,4,2024,heat_illness_2024.xls,총괄
2024-06-01,1,2024,heat_illness_2024.xls,총괄
2024-06-02,1,2024,heat_illness_2024.xls,총괄
2024-06-03,0,2024,heat_illness_2024.xls,총괄
2024-06-04,4,2024,heat_illness_2024.xls,총괄
2024-06-05,4,2024,heat_illness_2024.xls,총괄
2024-06-06,5,2024,heat_illness_2024.xls,총괄
2024-06-07,6,2024,heat_illness_2024.xls,총괄
2024-06-08,0,2024,heat_illness_2024.xls,총괄
2024-06-09,10,2024,heat_illness_2024.xls,총괄
2024-06-10,10,2024,heat_illness_2024.xls,총괄
2024-06-11,25,2024,heat_illness_2024.xls,총괄
2024-06-12,24,2024,heat_illness_2024.xls,총괄
2024-06-13,27,2024,heat_illness_2024.xls,총괄
2024-06-14,23,2024,heat_illness_2024.xls,총괄
2024-06-15,24,2024,heat_illness_2024.xls,총괄
2024-06-16,6,2024,heat_illness_2024.xls,총괄
2024-06-17,4,2024,heat_illness_2024.xls,총괄
2024-06-18,13,2024,heat_illness_2024.xls,총괄
2024-06-19,40,2024,heat_illness_2024.xls,총괄
2024-06-20,16,2024,heat_illness_2024.xls,총괄
2024-06-21,24,2024,heat_illness_2024.xls,총괄
2024-06-22,3,2024,heat_illness_2024.xls,총괄
2024-06-23,7,2024,heat_illness_2024.xls,총괄
2024-06-24,18,2024,heat_illness_2024.xls,총괄
2024-06-25,2,2024,heat_illness_2024.xls,총괄
2024-06-26,13,2024,heat_illness_2024.xls,총괄
2024-06-27,4,2024,heat_illness_2024.xls,총괄
2024-06-28,13,2024,heat_illness_2024.xls,총괄
2024-06-29,8,2024,heat_illness_2024.xls,총괄
2024-06-30,4,2024,heat_illness_2024.xls,총괄
2024-07-01,9,2024,heat_illness_2024.xls,총괄
2024-07-02,5,2024,heat_illness_2024.xls,총괄
2024-07-03,19,2024,heat_illness_2024.xls,총괄
2024-07-04,32,2024,heat_illness_2024.xls,총괄
2024-07-05,11,2024,heat_illness_2024.xls,총괄
2024-07-06,12,2024,heat_illness_2024.xls,총괄
2024-07-07,9,2024,heat_illness_2024.xls,총괄
2024-07-08,8,2024,heat_illness_2024.xls,총괄
2024-07-09,2,2024,heat_illness_2024.xls,총괄
2024-07-10,7,2024,heat_illness_2024.xls,총괄
2024-07-11,11,2024,heat_illness_2024.xls,총괄
2024-07-12,17,2024,heat_illness_2024.xls,총괄
2024-07-13,21,2024,heat_illness_2024.xls,총괄
2024-07-14,14,2024,heat_illness_2024.xls,총괄
2024-07-15,19,2024,heat_illness_2024.xls,총괄
2024-07-16,3,2024,heat_illness_2024.xls,총괄
2024-07-17,13,2024,heat_illness_2024.xls,총괄
2024-07-18,7,2024,heat_illness_2024.xls,총괄
2024-07-19,8,2024,heat_illness_2024.xls,총괄
2024-07-20,12,2024,heat_illness_2024.xls,총괄
2024-07-21,17,2024,heat_illness_2024.xls,총괄
2024-07-22,42,2024,heat_illness_2024.xls,총괄
2024-07-23,31,2024,heat_illness_2024.xls,총괄
2024-07-24,62,2024,heat_illness_2024.xls,총괄
2024-07-25,99,2024,heat_illness_2024.xls,총괄
2024-07-26,35,2024,heat_illness_2024.xls,총괄
2024-07-27,51,2024,heat_illness_2024.xls,총괄
2024-07-28,50,2024,heat_illness_2024.xls,총괄
2024-07-29,52,2024,heat_illness_2024.xls,총괄
2024-07-30,51,2024,heat_illness_2024.xls,총괄
2024-07-31,97,2024,heat_illness_2024.xls,총괄
2024-08-01,117,2024,heat_illness_2024.xls,총괄
2024-08-02,85,2024,heat_illness_2024.xls,총괄
2024-08-03,183,2024,heat_illness_2024.xls,총괄
2024-08-04,120,2024,heat_illness_2024.xls,총괄
2024-08-05,124,2024,heat_illness_2024.xls,총괄
2024-08-06,93,2024,heat_illness_2024.xls,총괄
2024-08-07,93,2024,heat_illness_2024.xls,총괄
2024-08-08,73,2024,heat_illness_2024.xls,총괄
2024-08-09,78,2024,heat_illness_2024.xls,총괄
2024-08-10,79,2024,heat_illness_2024.xls,총괄
2024-08-11,59,2024,heat_illness_2024.xls,총괄
2024-08-12,117,2024,heat_illness_2024.xls,총괄
2024-08-13,101,2024,heat_illness_2024.xls,총괄
2024-08-14,79,2024,heat_illness_2024.xls,총괄
2024-08-15,64,2024,heat_illness_2024.xls,총괄
2024-08-16,54,2024,heat_illness_2024.xls,총괄
2024-08-17,53,2024,heat_illness_2024.xls,총괄
2024-08-18,45,2024,heat_illness_2024.xls,총괄
2024-08-19,75,2024,heat_illness_2024.xls,총괄
2024-08-20,105,2024,heat_illness_2024.xls,총괄
2024-08-21,30,2024,heat_illness_2024.xls,총괄
2024-08-22,39,2024,heat_illness_2024.xls,총괄
2024-08-23,34,2024,heat_illness_2024.xls,총괄
2024-08-24,48,2024,heat_illness_2024.xls,총괄
2024-08-25,43,2024,heat_illness_2024.xls,총괄
2024-08-26,31,2024,heat_illness_2024.xls,총괄
2024-08-27,7,2024,heat_illness_2024.xls,총괄
2024-08-28,14,2024,heat_illness_2024.xls,총괄
2024-08-29,19,2024,heat_illness_2024.xls,총괄
2024-08-30,19,2024,heat_illness_2024.xls,총괄
2024-08-31,33,2024,heat_illness_2024.xls,총괄
2024-09-01,17,2024,heat_illness_2024.xls,총괄
2024-09-02,2,2024,heat_illness_2024.xls,총괄
2024-09-03,10,2024,heat_illness_2024.xls,총괄
2024-09-04,14,2024,heat_illness_2024.xls,총괄
2024-09-05,12,2024,heat_illness_2024.xls,총괄
2024-09-06,6,2024,heat_illness_2024.xls,총괄
2024-09-07,13,2024,heat_illness_2024.xls,총괄
2024-09-08,29,2024,heat_illness_2024.xls,총괄
2024-09-09,37,2024,heat_illness_2024.xls,총괄
2024-09-10,50,2024,heat_illness_2024.xls,총괄
2024-09-11,23,2024,heat_illness_2024.xls,총괄
2024-09-12,17,2024,heat_illness_2024.xls,총괄
2024-09-13,20,2024,heat_illness_2024.xls,총괄
2024-09-14,14,2024,heat_illness_2024.xls,총괄
2024-09-15,13,2024,heat_illness_2024.xls,총괄
2024-09-16,3,2024,heat_illness_2024.xls,총괄
2024-09-17,14,2024,heat_illness_2024.xls,총괄
2024-09-18,17,2024,heat_illness_2024.xls,총괄
2024-09-19,38,2024,heat_illness_2024.xls,총괄
2024-09-20,10,2024,heat_illness_2024.xls,총괄
2024-09-21,2,2024,heat_illness_2024.xls,총괄
2024-09-22,2,2024,heat_illness_2024.xls,총괄
2024-09-23,0,2024,heat_illness_2024.xls,총괄
2024-09-24,1,2024,heat_illness_2024.xls,총괄
2024-09-25,1,2024,heat_illness_2024.xls,총괄
2024-09-26,4,2024,heat_illness_2024.xls,총괄
2024-09-27,4,2024,heat_illness_2024.xls,총괄
2024-09-28,3,2024,heat_illness_2024.xls,총괄
2024-09-29,6,2024,heat_illness_2024.xls,총괄
2024-09-30,1,2024,heat_illness_2024.xls,총괄
2025-05-15,0,2025,(250925) 시군구별 온열질환 현황.xls / 2025년 연보 PDF,총괄
2025-05-16,0,2025,(250925) 시군구별 온열질환 현황.xls / 2025년 연보 PDF,총괄
2025-05-17,14,2025,(250925) 시군구별 온열질환 현황.xls / 2025년 연보 PDF,총괄
2025-05-18,1,2025,(250925) 시군구별 온열질환 현황.xls / 2025년 연보 PDF,총괄
2025-05-19,0,2025,(250925) 시군구별 온열질환 현황.xls / 2025년 연보 PDF,총괄
2025-05-20,8,2025,(250925) 시군구별 온열질환 현황.xls / 2025년 연보 PDF,총괄
2025-05-21,21,2025,(250925) 시군구별 온열질환 현황.xls / 2025년 연보 PDF,총괄
2025-05-22,2,2025,(250925) 시군구별 온열질환 현황.xls / 2025년 연보 PDF,총괄
2025-05-23,1,2025,(250925) 시군구별 온열질환 현황.xls / 2025년 연보 PDF,총괄
2025-05-24,0,2025,(250925) 시군구별 온열질환 현황.xls / 2025년 연보 PDF,총괄
2025-05-25,3,2025,(250925) 시군구별 온열질환 현황.xls / 2025년 연보 PDF,총괄
2025-05-26,1,2025,(250925) 시군구별 온열질환 현황.xls / 2025년 연보 PDF,총괄
2025-05-27,2,2025,(250925) 시군구별 온열질환 현황.xls / 2025년 연보 PDF,총괄
2025-05-28,3,2025,(250925) 시군구별 온열질환 현황.xls / 2025년 연보 PDF,총괄
2025-05-29,5,2025,(250925) 시군구별 온열질환 현황.xls / 2025년 연보 PDF,총괄
2025-05-30,0,2025,(250925) 시군구별 온열질환 현황.xls / 2025년 연보 PDF,총괄
2025-05-31,2,2025,(250925) 시군구별 온열질환 현황.xls / 2025년 연보 PDF,총괄
2025-06-01,3,2025,(250925) 시군구별 온열질환 현황.xls / 2025년 연보 PDF,총괄
2025-06-02,1,2025,(250925) 시군구별 온열질환 현황.xls / 2025년 연보 PDF,총괄
2025-06-03,3,2025,(250925) 시군구별 온열질환 현황.xls / 2025년 연보 PDF,총괄
2025-06-04,1,2025,(250925) 시군구별 온열질환 현황.xls / 2025년 연보 PDF,총괄
2025-06-05,5,2025,(250925) 시군구별 온열질환 현황.xls / 2025년 연보 PDF,총괄
2025-06-06,5,2025,(250925) 시군구별 온열질환 현황.xls / 2025년 연보 PDF,총괄
2025-06-07,11,2025,(250925) 시군구별 온열질환 현황.xls / 2025년 연보 PDF,총괄
2025-06-08,13,2025,(250925) 시군구별 온열질환 현황.xls / 2025년 연보 PDF,총괄
2025-06-09,7,2025,(250925) 시군구별 온열질환 현황.xls / 2025년 연보 PDF,총괄
2025-06-10,7,2025,(250925) 시군구별 온열질환 현황.xls / 2025년 연보 PDF,총괄
2025-06-11,6,2025,(250925) 시군구별 온열질환 현황.xls / 2025년 연보 PDF,총괄
2025-06-12,13,2025,(250925) 시군구별 온열질환 현황.xls / 2025년 연보 PDF,총괄
2025-06-13,2,2025,(250925) 시군구별 온열질환 현황.xls / 2025년 연보 PDF,총괄
2025-06-14,14,2025,(250925) 시군구별 온열질환 현황.xls / 2025년 연보 PDF,총괄
2025-06-15,37,2025,(250925) 시군구별 온열질환 현황.xls / 2025년 연보 PDF,총괄
2025-06-16,1,2025,(250925) 시군구별 온열질환 현황.xls / 2025년 연보 PDF,총괄
2025-06-17,9,2025,(250925) 시군구별 온열질환 현황.xls / 2025년 연보 PDF,총괄
2025-06-18,25,2025,(250925) 시군구별 온열질환 현황.xls / 2025년 연보 PDF,총괄
2025-06-19,24,2025,(250925) 시군구별 온열질환 현황.xls / 2025년 연보 PDF,총괄
2025-06-20,3,2025,(250925) 시군구별 온열질환 현황.xls / 2025년 연보 PDF,총괄
2025-06-21,3,2025,(250925) 시군구별 온열질환 현황.xls / 2025년 연보 PDF,총괄
2025-06-22,9,2025,(250925) 시군구별 온열질환 현황.xls / 2025년 연보 PDF,총괄
2025-06-23,20,2025,(250925) 시군구별 온열질환 현황.xls / 2025년 연보 PDF,총괄
2025-06-24,6,2025,(250925) 시군구별 온열질환 현황.xls / 2025년 연보 PDF,총괄
2025-06-25,3,2025,(250925) 시군구별 온열질환 현황.xls / 2025년 연보 PDF,총괄
2025-06-26,6,2025,(250925) 시군구별 온열질환 현황.xls / 2025년 연보 PDF,총괄
2025-06-27,24,2025,(250925) 시군구별 온열질환 현황.xls / 2025년 연보 PDF,총괄
2025-06-28,52,2025,(250925) 시군구별 온열질환 현황.xls / 2025년 연보 PDF,총괄
2025-06-29,50,2025,(250925) 시군구별 온열질환 현황.xls / 2025년 연보 PDF,총괄
2025-06-30,53,2025,(250925) 시군구별 온열질환 현황.xls / 2025년 연보 PDF,총괄
2025-07-01,64,2025,(250925) 시군구별 온열질환 현황.xls / 2025년 연보 PDF,총괄
2025-07-02,114,2025,(250925) 시군구별 온열질환 현황.xls / 2025년 연보 PDF,총괄
2025-07-03,65,2025,(250925) 시군구별 온열질환 현황.xls / 2025년 연보 PDF,총괄
2025-07-04,45,2025,(250925) 시군구별 온열질환 현황.xls / 2025년 연보 PDF,총괄
2025-07-05,59,2025,(250925) 시군구별 온열질환 현황.xls / 2025년 연보 PDF,총괄
2025-07-06,68,2025,(250925) 시군구별 온열질환 현황.xls / 2025년 연보 PDF,총괄
2025-07-07,105,2025,(250925) 시군구별 온열질환 현황.xls / 2025년 연보 PDF,총괄
2025-07-08,259,2025,(250925) 시군구별 온열질환 현황.xls / 2025년 연보 PDF,총괄
2025-07-09,119,2025,(250925) 시군구별 온열질환 현황.xls / 2025년 연보 PDF,총괄
2025-07-10,85,2025,(250925) 시군구별 온열질환 현황.xls / 2025년 연보 PDF,총괄
2025-07-11,50,2025,(250925) 시군구별 온열질환 현황.xls / 2025년 연보 PDF,총괄
2025-07-12,43,2025,(250925) 시군구별 온열질환 현황.xls / 2025년 연보 PDF,총괄
2025-07-13,18,2025,(250925) 시군구별 온열질환 현황.xls / 2025년 연보 PDF,총괄
2025-07-14,13,2025,(250925) 시군구별 온열질환 현황.xls / 2025년 연보 PDF,총괄
2025-07-15,7,2025,(250925) 시군구별 온열질환 현황.xls / 2025년 연보 PDF,총괄
2025-07-16,3,2025,(250925) 시군구별 온열질환 현황.xls / 2025년 연보 PDF,총괄
2025-07-17,5,2025,(250925) 시군구별 온열질환 현황.xls / 2025년 연보 PDF,총괄
2025-07-18,4,2025,(250925) 시군구별 온열질환 현황.xls / 2025년 연보 PDF,총괄
2025-07-19,10,2025,(250925) 시군구별 온열질환 현황.xls / 2025년 연보 PDF,총괄
2025-07-20,46,2025,(250925) 시군구별 온열질환 현황.xls / 2025년 연보 PDF,총괄
2025-07-21,71,2025,(250925) 시군구별 온열질환 현황.xls / 2025년 연보 PDF,총괄
2025-07-22,147,2025,(250925) 시군구별 온열질환 현황.xls / 2025년 연보 PDF,총괄
2025-07-23,114,2025,(250925) 시군구별 온열질환 현황.xls / 2025년 연보 PDF,총괄
2025-07-24,126,2025,(250925) 시군구별 온열질환 현황.xls / 2025년 연보 PDF,총괄
2025-07-25,116,2025,(250925) 시군구별 온열질환 현황.xls / 2025년 연보 PDF,총괄
2025-07-26,132,2025,(250925) 시군구별 온열질환 현황.xls / 2025년 연보 PDF,총괄
2025-07-27,107,2025,(250925) 시군구별 온열질환 현황.xls / 2025년 연보 PDF,총괄
2025-07-28,167,2025,(250925) 시군구별 온열질환 현황.xls / 2025년 연보 PDF,총괄
2025-07-29,138,2025,(250925) 시군구별 온열질환 현황.xls / 2025년 연보 PDF,총괄
2025-07-30,114,2025,(250925) 시군구별 온열질환 현황.xls / 2025년 연보 PDF,총괄
2025-07-31,63,2025,(250925) 시군구별 온열질환 현황.xls / 2025년 연보 PDF,총괄
2025-08-01,104,2025,(250925) 시군구별 온열질환 현황.xls / 2025년 연보 PDF,총괄
2025-08-02,110,2025,(250925) 시군구별 온열질환 현황.xls / 2025년 연보 PDF,총괄
2025-08-03,38,2025,(250925) 시군구별 온열질환 현황.xls / 2025년 연보 PDF,총괄
2025-08-04,30,2025,(250925) 시군구별 온열질환 현황.xls / 2025년 연보 PDF,총괄
2025-08-05,62,2025,(250925) 시군구별 온열질환 현황.xls / 2025년 연보 PDF,총괄
2025-08-06,21,2025,(250925) 시군구별 온열질환 현황.xls / 2025년 연보 PDF,총괄
2025-08-07,39,2025,(250925) 시군구별 온열질환 현황.xls / 2025년 연보 PDF,총괄
2025-08-08,16,2025,(250925) 시군구별 온열질환 현황.xls / 2025년 연보 PDF,총괄
2025-08-09,8,2025,(250925) 시군구별 온열질환 현황.xls / 2025년 연보 PDF,총괄
2025-08-10,11,2025,(250925) 시군구별 온열질환 현황.xls / 2025년 연보 PDF,총괄
2025-08-11,1,2025,(250925) 시군구별 온열질환 현황.xls / 2025년 연보 PDF,총괄
2025-08-12,14,2025,(250925) 시군구별 온열질환 현황.xls / 2025년 연보 PDF,총괄
2025-08-13,23,2025,(250925) 시군구별 온열질환 현황.xls / 2025년 연보 PDF,총괄
2025-08-14,65,2025,(250925) 시군구별 온열질환 현황.xls / 2025년 연보 PDF,총괄
2025-08-15,79,2025,(250925) 시군구별 온열질환 현황.xls / 2025년 연보 PDF,총괄
2025-08-16,61,2025,(250925) 시군구별 온열질환 현황.xls / 2025년 연보 PDF,총괄
2025-08-17,32,2025,(250925) 시군구별 온열질환 현황.xls / 2025년 연보 PDF,총괄
2025-08-18,34,2025,(250925) 시군구별 온열질환 현황.xls / 2025년 연보 PDF,총괄
2025-08-19,60,2025,(250925) 시군구별 온열질환 현황.xls / 2025년 연보 PDF,총괄
2025-08-20,55,2025,(250925) 시군구별 온열질환 현황.xls / 2025년 연보 PDF,총괄
2025-08-21,68,2025,(250925) 시군구별 온열질환 현황.xls / 2025년 연보 PDF,총괄
2025-08-22,47,2025,(250925) 시군구별 온열질환 현황.xls / 2025년 연보 PDF,총괄
2025-08-23,50,2025,(250925) 시군구별 온열질환 현황.xls / 2025년 연보 PDF,총괄
2025-08-24,53,2025,(250925) 시군구별 온열질환 현황.xls / 2025년 연보 PDF,총괄
2025-08-25,57,2025,(250925) 시군구별 온열질환 현황.xls / 2025년 연보 PDF,총괄
2025-08-26,17,2025,(250925) 시군구별 온열질환 현황.xls / 2025년 연보 PDF,총괄
2025-08-27,16,2025,(250925) 시군구별 온열질환 현황.xls / 2025년 연보 PDF,총괄
2025-08-28,18,2025,(250925) 시군구별 온열질환 현황.xls / 2025년 연보 PDF,총괄
2025-08-29,42,2025,(250925) 시군구별 온열질환 현황.xls / 2025년 연보 PDF,총괄
2025-08-30,54,2025,(250925) 시군구별 온열질환 현황.xls / 2025년 연보 PDF,총괄
2025-08-31,30,2025,(250925) 시군구별 온열질환 현황.xls / 2025년 연보 PDF,총괄
2025-09-01,5,2025,(250925) 시군구별 온열질환 현황.xls / 2025년 연보 PDF,총괄
2025-09-02,12,2025,(250925) 시군구별 온열질환 현황.xls / 2025년 연보 PDF,총괄
2025-09-03,8,2025,(250925) 시군구별 온열질환 현황.xls / 2025년 연보 PDF,총괄
2025-09-04,22,2025,(250925) 시군구별 온열질환 현황.xls / 2025년 연보 PDF,총괄
2025-09-05,26,2025,(250925) 시군구별 온열질환 현황.xls / 2025년 연보 PDF,총괄
2025-09-06,23,2025,(250925) 시군구별 온열질환 현황.xls / 2025년 연보 PDF,총괄
2025-09-07,20,2025,(250925) 시군구별 온열질환 현황.xls / 2025년 연보 PDF,총괄
2025-09-08,2,2025,(250925) 시군구별 온열질환 현황.xls / 2025년 연보 PDF,총괄
2025-09-09,0,2025,(250925) 시군구별 온열질환 현황.xls / 2025년 연보 PDF,총괄
2025-09-10,2,2025,(250925) 시군구별 온열질환 현황.xls / 2025년 연보 PDF,총괄
2025-09-11,6,2025,(250925) 시군구별 온열질환 현황.xls / 2025년 연보 PDF,총괄
2025-09-12,1,2025,(250925) 시군구별 온열질환 현황.xls / 2025년 연보 PDF,총괄
2025-09-13,1,2025,(250925) 시군구별 온열질환 현황.xls / 2025년 연보 PDF,총괄
2025-09-14,10,2025,(250925) 시군구별 온열질환 현황.xls / 2025년 연보 PDF,총괄
2025-09-15,2,2025,(250925) 시군구별 온열질환 현황.xls / 2025년 연보 PDF,총괄
2025-09-16,20,2025,(250925) 시군구별 온열질환 현황.xls / 2025년 연보 PDF,총괄
2025-09-17,11,2025,(250925) 시군구별 온열질환 현황.xls / 2025년 연보 PDF,총괄
2025-09-18,0,2025,(250925) 시군구별 온열질환 현황.xls / 2025년 연보 PDF,총괄
2025-09-19,0,2025,(250925) 시군구별 온열질환 현황.xls / 2025년 연보 PDF,총괄
2025-09-20,1,2025,(250925) 시군구별 온열질환 현황.xls / 2025년 연보 PDF,총괄
2025-09-21,13,2025,(250925) 시군구별 온열질환 현황.xls / 2025년 연보 PDF,총괄
2025-09-22,1,2025,(250925) 시군구별 온열질환 현황.xls / 2025년 연보 PDF,총괄
2025-09-23,1,2025,(250925) 시군구별 온열질환 현황.xls / 2025년 연보 PDF,총괄
2025-09-24,1,2025,(250925) 시군구별 온열질환 현황.xls / 2025년 연보 PDF,총괄
2025-09-25,1,2025,(250925) 시군구별 온열질환 현황.xls / 2025년 연보 PDF,총괄
