일시,elderly_patients,평균기온(°C),최저기온(°C),최고기온(°C),일강수량(mm),평균 풍속(m/s),평균 상대습도(%),합계 일조시간(hr),합계 일사량(MJ/m2),year
2022-05-20,1,19.48191489361702,14.081914893617022,25.773404255319146,0.03684210526315789,1.6157894736842104,57.21170212765957,7.28936170212766,21.383958333333336,2022
2022-05-21,0,20.06,13.593684210526316,26.63684210526316,0.11894736842105263,1.9894736842105263,65.09052631578948,11.438947368421053,26.605,2022
2022-05-22,2,20.66,14.203157894736842,27.582105263157896,0.0,2.1705263157894734,64.05368421052631,10.896808510638298,25.54510638297872,2022
2022-05-23,2,21.154255319148938,14.505263157894737,28.378947368421052,0.0,1.6294736842105264,64.72736842105263,10.414736842105263,25.256249999999998,2022
2022-05-24,1,22.043010752688172,14.746808510638298,29.888297872340427,0.04947368421052631,1.6610526315789476,57.63617021276596,11.986315789473684,27.071458333333336,2022
2022-05-25,3,21.27021276595745,14.775531914893618,28.168085106382982,1.0757894736842106,1.9,62.695789473684215,10.322105263157894,24.38208333333333,2022
2022-05-26,0,19.347872340425532,14.355319148936172,24.929787234042553,1.003157894736842,2.512631578947368,56.611578947368415,11.125263157894738,28.090625,2022
2022-05-27,0,19.99042553191489,13.651578947368423,26.071578947368423,0.007368421052631579,2.7021052631578946,55.21157894736842,10.937894736842104,27.085416666666664,2022
2022-05-28,2,21.45894736842105,13.56,29.181052631578947,0.0,2.1705263157894734,53.867368421052625,11.121052631578948,24.937916666666666,2022
2022-05-29,1,21.382105263157893,13.948421052631579,28.35578947368421,0.46,1.8589473684210527,57.65263157894737,10.615789473684211,25.953125,2022
2022-05-30,0,20.11157894736842,16.754736842105263,24.382105263157897,0.43894736842105264,1.8157894736842106,73.1778947368421,1.4095744680851063,12.926808510638297,2022
2022-05-31,0,20.497894736842106,13.506315789473684,27.453684210526315,0.0,2.054736842105263,49.90105263157895,12.445744680851066,28.987872340425533,2022
2022-06-01,2,21.25578947368421,14.358947368421052,29.033684210526314,0.0010526315789473684,1.8705263157894736,48.53404255319149,11.50531914893617,28.42595744680851,2022
2022-06-02,2,21.15157894736842,13.522105263157894,28.422105263157892,0.0,1.7978947368421054,63.38924731182796,11.91157894736842,28.022499999999997,2022
2022-06-03,0,21.897894736842108,16.398947368421055,28.95894736842105,0.0,1.8589473684210527,69.07659574468084,10.531578947368422,26.147916666666664,2022
2022-06-04,0,21.86315789473684,16.35578947368421,27.55894736842105,0.03894736842105263,2.0926315789473686,64.51368421052632,7.605263157894737,21.273958333333333,2022
2022-06-05,0,18.28736842105263,16.607368421052634,21.48,21.570526315789472,2.128421052631579,83.74842105263158,0.12315789473684209,5.2785416666666665,2022
2022-06-06,2,18.33157894736842,15.051578947368421,22.77684210526316,8.578947368421053,2.1189473684210527,81.24315789473684,4.508421052631579,16.121666666666666,2022
2022-06-07,0,17.101052631578945,13.850526315789473,21.056842105263158,6.478947368421053,1.9463157894736842,77.86315789473684,2.486315789473684,13.294166666666667,2022
2022-06-08,0,18.110526315789475,14.441052631578948,22.851578947368424,0.671578947368421,1.6284210526315788,75.66,5.221276595744681,18.88375,2022
2022-06-09,1,19.246315789473684,14.705263157894738,24.896842105263158,0.7821052631578947,1.4347368421052633,76.87894736842105,7.11578947368421,21.32645833333333,2022
2022-06-10,2,20.577894736842108,15.02736842105263,26.32526315789474,0.2536842105263158,1.3589473684210527,75.3157894736842,6.447368421052632,19.61104166666667,2022
2022-06-11,1,21.354736842105265,16.677894736842106,27.49263157894737,0.7515789473684211,1.7515789473684211,73.1642105263158,6.882105263157894,21.375833333333333,2022
2022-06-12,0,20.961052631578948,16.04842105263158,26.309473684210527,0.06210526315789474,1.8021052631578947,72.29052631578948,7.841052631578947,22.559583333333332,2022
2022-06-13,0,20.4968085106383,17.43578947368421,24.633684210526315,1.8326315789473684,2.2936842105263158,70.86063829787234,3.9789473684210526,15.572083333333333,2022
2022-06-14,1,17.842105263157894,15.88842105263158,20.593684210526316,5.428421052631579,2.5042553191489363,79.80947368421052,1.0926315789473684,10.045,2022
2022-06-15,0,18.76421052631579,15.263157894736842,23.196842105263155,9.414736842105263,1.7621052631578948,86.52421052631578,2.923157894736842,14.109583333333333,2022
2022-06-16,0,20.94421052631579,16.88421052631579,25.929473684210528,0.6505263157894736,1.8308510638297872,74.93894736842105,7.822105263157895,22.861875,2022
2022-06-17,3,22.46421052631579,16.523157894736844,28.152631578947368,0.1,1.686315789473684,76.4957894736842,7.081052631578948,21.283541666666668,2022
2022-06-18,3,24.124210526315792,20.338947368421053,28.658947368421053,0.19157894736842104,1.806315789473684,76.13368421052631,7.35578947368421,21.24,2022
2022-06-19,5,24.41157894736842,20.70736842105263,29.162105263157894,0.060000000000000005,1.5957894736842104,77.86631578947369,6.886315789473684,20.307083333333335,2022
2022-06-20,5,24.901052631578946,20.53157894736842,30.397894736842108,1.188421052631579,1.391578947368421,77.09157894736842,8.627368421052632,23.108541666666667,2022
2022-06-21,10,25.34315789473684,20.556842105263158,31.34842105263158,0.08947368421052632,1.5610526315789475,76.35473684210527,9.647368421052631,25.310833333333335,2022
2022-06-22,8,25.649473684210523,20.777894736842107,31.632631578947368,0.003157894736842105,1.763157894736842,74.96631578947368,10.267368421052632,25.592916666666667,2022
2022-06-23,1,24.39263157894737,21.286315789473683,27.948421052631577,27.414736842105263,2.52,86.56382978723404,1.3842105263157896,8.510208333333333,2022
2022-06-24,3,24.501063829787235,22.00421052631579,28.06736842105263,27.73578947368421,3.0631578947368423,82.67978723404255,4.2642105263157895,15.936458333333334,2022
2022-06-25,2,25.605263157894736,21.148421052631576,30.648421052631576,0.6105263157894737,2.48,77.66736842105263,6.88,20.410208333333333,2022
2022-06-26,3,26.022105263157894,22.98842105263158,29.457894736842107,0.8673684210526315,2.643157894736842,81.51914893617021,2.6536842105263156,11.753750000000002,2022
2022-06-27,0,25.96315789473684,23.96315789473684,28.473684210526315,12.126315789473685,2.9800000000000004,85.11595744680851,0.4378947368421053,8.445208333333333,2022
2022-06-28,0,26.916842105263157,24.889473684210525,29.333684210526314,2.7221052631578946,4.231578947368421,77.20631578947369,1.8463157894736844,11.569791666666667,2022
2022-06-29,1,26.087368421052634,24.137894736842103,28.922105263157892,19.077894736842104,3.417894736842105,84.39578947368422,1.3305263157894738,10.307916666666666,2022
2022-06-30,5,25.510526315789473,23.08421052631579,28.990526315789474,32.03578947368421,2.276842105263158,86.13894736842106,3.836842105263158,15.413333333333334,2022
2022-07-01,20,26.72736842105263,22.193684210526317,31.931578947368422,0.14736842105263157,1.7063157894736842,78.84631578947368,10.442105263157895,25.97875,2022
2022-07-02,28,27.09263157894737,21.658947368421053,33.12210526315789,0.0,1.3242105263157895,74.4421052631579,11.314736842105264,26.826666666666668,2022
2022-07-03,19,27.487368421052633,22.685263157894735,33.17473684210526,2.303157894736842,1.3936842105263159,73.44,9.391578947368421,24.70895833333333,2022
2022-07-04,16,27.002105263157894,23.53684210526316,31.846315789473685,1.8305263157894738,1.3663157894736844,79.04,6.477894736842105,19.055,2022
2022-07-05,13,26.937894736842104,23.53684210526316,31.97052631578947,1.6989473684210528,1.2378947368421052,81.17368421052632,5.275789473684211,19.506875,2022
2022-07-06,14,27.650526315789474,24.02,32.13157894736842,1.656842105263158,1.8178947368421052,80.56210526315789,5.558947368421053,20.032291666666666,2022
2022-07-07,13,27.969473684210524,24.95157894736842,31.928421052631577,1.9852631578947368,2.409473684210526,80.51473684210526,4.331578947368421,16.186666666666667,2022
2022-07-08,3,26.70421052631579,23.93263157894737,30.448421052631577,4.354736842105263,1.8726315789473684,83.60947368421053,3.471578947368421,13.647083333333335,2022
2022-07-09,11,26.533684210526314,22.910526315789475,31.16842105263158,0.037894736842105266,1.605263157894737,79.24526315789474,7.111578947368422,21.137916666666666,2022
2022-07-10,7,26.93263157894737,22.926315789473684,32.217894736842105,4.474736842105264,1.476842105263158,79.4536842105263,7.3052631578947365,21.48875,2022
2022-07-11,4,25.10736842105263,22.858947368421052,28.751578947368422,17.45157894736842,1.2231578947368422,88.1863157894737,2.263157894736842,12.149375,2022
2022-07-12,2,25.39157894736842,22.587368421052634,28.974736842105262,0.2863157894736842,1.6578947368421053,82.47368421052632,2.4726315789473685,14.463061224489795,2022
2022-07-13,1,24.268421052631577,22.670526315789473,26.375789473684208,28.90736842105263,1.9642105263157894,87.49263157894737,0.3063157894736842,6.579791666666666,2022
2022-07-14,1,25.83404255319149,22.734736842105264,30.124210526315792,4.150526315789474,1.9347368421052633,84.13510638297872,4.6421052631578945,18.016666666666666,2022
2022-07-15,7,25.405263157894737,21.36,30.59052631578947,2.7747368421052636,1.5305263157894737,78.73473684210526,9.40421052631579,23.902916666666666,2022
2022-07-16,1,24.989473684210527,20.894736842105264,30.12736842105263,1.8515789473684212,1.608421052631579,79.01473684210526,7.791489361702127,21.829583333333332,2022
2022-07-17,2,25.183157894736844,21.537894736842105,29.517894736842102,0.3663157894736842,1.4621052631578948,80.21368421052632,4.107446808510638,17.083333333333332,2022
2022-07-18,2,23.448936170212765,21.305263157894736,26.49263157894737,40.76,1.5589473684210526,91.43404255319147,1.2361702127659575,8.32375,2022
2022-07-19,7,25.518085106382976,21.881052631578946,30.38631578947368,0.6705263157894737,1.688421052631579,81.95212765957447,7.11595744680851,22.431458333333335,2022
2022-07-20,8,26.312631578947368,22.23578947368421,31.330526315789474,0.9273684210526315,1.3610526315789475,77.76,7.715957446808511,21.209374999999998,2022
2022-07-21,1,23.88842105263158,21.553684210526313,27.04315789473684,16.194736842105264,2.5210526315789474,86.61473684210526,2.1936842105263157,11.533333333333333,2022
2022-07-22,2,24.3,21.38,28.61368421052632,3.277894736842105,1.7673684210526317,81.13473684210527,5.849473684210527,18.473125,2022
2022-07-23,3,23.953684210526315,20.841052631578947,27.748421052631578,8.809473684210525,1.5378947368421052,85.42210526315789,1.8599999999999999,12.595833333333333,2022
2022-07-24,2,24.695789473684208,22.10421052631579,28.205263157894738,10.87263157894737,1.7378947368421052,88.60315789473684,2.610526315789474,13.907708333333332,2022
2022-07-25,7,25.987368421052633,22.466315789473686,30.81157894736842,0.03894736842105263,1.4073684210526314,81.57473684210527,8.513684210526316,23.671666666666667,2022
2022-07-26,9,25.996842105263156,21.902105263157893,31.282105263157895,0.1831578947368421,1.3715789473684212,81.27157894736843,8.128421052631579,22.115416666666665,2022
2022-07-27,6,25.959999999999997,22.09578947368421,30.44421052631579,0.0031578947368421056,1.7389473684210526,77.75157894736842,7.969473684210526,21.622708333333335,2022
2022-07-28,9,26.556842105263158,22.544210526315787,31.026315789473685,0.21578947368421053,1.786315789473684,80.34842105263158,6.7642105263157895,19.128541666666667,2022
2022-07-29,16,28.257894736842104,23.96315789473684,33.194736842105264,0.3621052631578947,1.6978947368421053,76.99157894736842,9.505263157894737,23.301041666666666,2022
2022-07-30,7,27.52315789473684,24.39578947368421,30.990526315789474,3.405263157894737,2.0642105263157893,79.3221052631579,3.454736842105263,14.03375,2022
2022-07-31,1,26.122105263157895,24.766315789473687,28.147368421052633,24.25263157894737,2.2463157894736843,90.28210526315789,0.11684210526315789,6.003541666666667,2022
2022-08-01,6,27.159999999999997,25.012631578947367,30.17473684210526,15.869473684210526,2.6031578947368423,86.40842105263157,1.4684210526315788,10.678333333333333,2022
2022-08-02,1,27.114736842105263,25.173684210526314,30.228421052631578,11.698947368421054,2.249473684210526,88.18105263157895,2.4221052631578948,11.851458333333333,2022
2022-08-03,5,27.621276595744682,24.902105263157893,31.46421052631579,10.265263157894738,1.7957894736842104,85.91489361702128,5.081052631578947,16.672083333333333,2022
2022-08-04,11,28.217894736842105,25.042105263157893,32.68105263157894,1.2926315789473684,1.6336842105263156,82.12526315789474,8.338947368421053,21.66979166666667,2022
2022-08-05,7,28.43723404255319,25.08,32.4821052631579,0.8778947368421053,1.763157894736842,82.1563829787234,7.179787234042553,20.23340425531915,2022
2022-08-06,12,28.877894736842105,25.59578947368421,33.27263157894737,0.8947368421052632,1.5757894736842104,81.0242105263158,7.851578947368421,19.732916666666668,2022
2022-08-07,19,28.76421052631579,25.632631578947368,33.229473684210525,1.5168421052631578,1.9031578947368422,81.9621052631579,6.157894736842105,18.413958333333333,2022
2022-08-08,5,27.8531914893617,25.742553191489364,30.716842105263158,19.478947368421053,2.64,81.31063829787234,2.1882978723404256,11.550638297872341,2022
2022-08-09,4,27.155789473684212,24.842105263157894,30.069473684210525,26.102105263157892,2.4010526315789473,83.14631578947368,1.608421052631579,11.0875,2022
2022-08-10,0,26.05473684210526,23.94736842105263,28.806315789473683,31.12736842105263,1.9189473684210527,86.39578947368422,1.4347368421052633,10.804791666666667,2022
2022-08-11,0,25.46842105263158,24.12736842105263,27.242105263157896,29.717894736842105,1.6705263157894736,91.47263157894737,0.6052631578947368,6.287291666666667,2022
2022-08-12,6,26.946315789473687,23.43894736842105,31.80842105263158,2.4021052631578947,1.3421052631578947,82.61894736842106,7.893684210526316,21.303333333333335,2022
2022-08-13,6,25.86105263157895,22.982105263157898,29.574736842105263,9.194736842105263,1.34,89.34842105263158,2.371578947368421,10.984166666666667,2022
2022-08-14,4,27.326315789473686,24.68631578947368,31.18842105263158,8.018947368421053,1.8242105263157895,85.92526315789473,4.174736842105263,16.020416666666666,2022
2022-08-15,5,28.353684210526314,25.287368421052633,31.550526315789476,4.956842105263157,3.3389473684210524,78.39052631578947,3.6606382978723406,14.923958333333333,2022
2022-08-16,1,25.93263157894737,23.242105263157896,29.35473684210526,21.771578947368422,1.986315789473684,86.6221052631579,3.4193548387096775,12.646808510638298,2022
2022-08-17,2,24.502105263157894,21.703157894736844,28.649473684210523,11.730526315789474,1.3305263157894738,88.06947368421054,3.570212765957447,13.027021276595745,2022
2022-08-18,2,24.52315789473684,20.45894736842105,29.705263157894738,0.0,1.2105263157894737,81.36842105263158,8.446808510638299,22.131063829787237,2022
2022-08-19,0,25.90421052631579,21.03684210526316,29.803157894736845,5.2915789473684205,1.9694736842105263,84.44,3.1,12.35153846153846,2022
2022-08-20,3,26.164893617021278,23.38421052631579,29.571578947368423,14.963157894736842,1.656842105263158,88.31382978723404,3.1516129032258067,11.397446808510637,2022
2022-08-21,7,25.657894736842106,21.756842105263157,30.677894736842106,0.0010526315789473684,1.3536842105263158,79.60526315789474,9.141489361702128,22.71104166666667,2022
2022-08-22,3,25.55894736842105,20.67684210526316,30.805263157894736,0.25263157894736843,1.34,78.25368421052632,7.737234042553191,20.200208333333332,2022
2022-08-23,0,24.753684210526316,22.04736842105263,28.18631578947368,5.557894736842106,1.2642105263157895,86.38105263157895,1.7095744680851062,9.894583333333333,2022
2022-08-24,0,22.94736842105263,20.357894736842105,26.05578947368421,7.675789473684211,1.6273684210526316,82.67368421052632,2.174468085106383,11.689583333333333,2022
2022-08-25,0,22.812631578947368,19.085263157894737,27.51684210526316,0.20526315789473684,1.3557894736842107,80.05368421052631,4.425531914893617,15.434166666666668,2022
2022-08-26,2,23.203157894736844,18.84842105263158,28.398947368421055,0.005263157894736842,1.5705263157894735,72.76736842105262,9.222340425531915,22.375,2022
2022-08-27,0,21.588297872340426,16.77263157894737,26.659999999999997,0.6536842105263158,1.9042105263157896,68.33617021276596,8.170212765957446,21.555000000000003,2022
2022-08-28,1,20.82842105263158,14.914736842105263,27.034736842105264,0.0,1.5263157894736843,69.71368421052632,9.333684210526316,22.796041666666667,2022
2022-08-29,0,20.630526315789474,17.632631578947368,23.649473684210523,1.1810526315789474,1.325263157894737,81.33157894736843,0.9631578947368421,8.241249999999999,2022
2022-08-30,0,20.85684210526316,19.12,22.840000000000003,27.051578947368423,1.3326315789473684,92.50736842105263,0.4147368421052631,4.848333333333334,2022
2022-08-31,0,21.517894736842106,19.607368421052634,24.55263157894737,11.01157894736842,1.431578947368421,89.88000000000001,1.3085106382978724,8.721874999999999,2022
2022-09-01,0,21.67473684210526,18.345263157894735,26.06736842105263,0.14105263157894737,1.3042105263157895,84.70421052631579,3.9553191489361703,13.452291666666667,2022
2022-09-02,0,21.785263157894736,18.012631578947367,25.67684210526316,6.882105263157894,2.006315789473684,81.51368421052632,3.7170212765957444,12.319791666666667,2022
2022-09-03,1,22.68,19.728421052631578,26.237894736842104,2.0294736842105263,2.3242105263157895,80.28,2.6904255319148938,12.311458333333334,2022
2022-09-04,1,23.773684210526316,20.762105263157896,27.67473684210526,10.188421052631579,1.8873684210526318,87.59684210526316,1.3882978723404256,9.326666666666666,2022
2022-09-05,0,22.771578947368422,20.62,25.371578947368423,68.87368421052632,2.407368421052632,94.46947368421053,0.011578947368421053,2.906041666666667,2022
2022-09-06,0,21.226315789473684,17.283157894736842,25.757894736842104,55.82315789473684,3.885263157894737,79.52,5.951578947368421,16.515625,2022
2022-09-07,0,20.901052631578946,15.248421052631578,27.8,0.0010526315789473684,1.3526315789473684,72.75157894736842,10.416842105263159,23.408749999999998,2022
2022-09-08,1,20.865263157894738,14.754736842105263,27.844210526315788,0.0,1.3115789473684212,74.72842105263157,10.218947368421052,22.41125,2022
2022-09-09,0,21.38736842105263,16.231578947368423,27.97052631578947,0.0,1.456842105263158,74.11157894736843,8.845263157894736,21.544166666666666,2022
2022-09-10,0,21.19684210526316,17.148421052631576,25.954736842105262,0.02,1.7221052631578946,74.2,3.6789473684210527,14.257916666666667,2022
2022-09-11,0,22.332631578947368,18.54,27.03684210526316,0.09894736842105263,1.3831578947368421,78.70210526315789,4.166315789473685,14.523958333333333,2022
2022-09-12,1,22.22736842105263,19.509473684210526,25.609473684210528,0.7621052631578948,1.071578947368421,86.83157894736843,1.3968421052631579,9.906041666666667,2022
2022-09-13,0,23.32736842105263,20.42736842105263,26.924210526315793,1.645263157894737,1.8642105263157893,79.8978947368421,1.5842105263157895,9.899166666666666,2022
2022-09-14,1,23.58,20.478947368421053,27.649473684210523,0.44315789473684214,3.0073684210526315,67.60631578947368,5.136170212765958,14.0831914893617,2022
2022-09-15,1,23.898947368421055,20.438947368421054,28.053684210526313,0.17999999999999997,2.7063157894736842,73.98210526315789,6.150526315789473,15.618958333333333,2022
2022-09-16,3,24.491489361702126,21.12421052631579,29.006315789473682,1.2915789473684212,1.9372340425531915,81.97368421052632,4.04421052631579,13.483541666666667,2022
2022-09-17,5,25.38936170212766,21.72978723404255,30.83404255319149,0.7463157894736843,1.2829787234042553,82.71684210526317,6.468421052631579,16.487083333333334,2022
2022-09-18,2,25.973684210526315,22.629473684210527,30.37473684210526,1.9652631578947368,2.643617021276596,78.51368421052632,3.9347368421052633,14.460833333333333,2022
2022-09-19,0,23.50736842105263,18.051578947368423,27.82315789473684,6.3,4.2,69.58105263157894,6.091578947368421,15.163125,2022
2022-09-20,1,18.41578947368421,14.461052631578946,23.18842105263158,0.035789473684210524,1.971578947368421,66.84631578947368,6.470526315789474,16.604166666666668,2022
2022-09-21,1,17.293684210526315,12.103157894736842,23.51578947368421,0.002105263157894737,1.54,69.76105263157895,9.654736842105264,20.930625,2022
2022-09-22,0,17.931578947368422,11.838947368421053,24.205263157894738,0.003157894736842105,1.2863157894736843,72.60842105263158,7.94421052631579,18.284375,2022
2022-09-23,0,18.316842105263156,13.625263157894738,25.022105263157894,0.3463157894736842,2.1574468085106386,70.35368421052632,7.6831578947368415,17.5675,2022
2022-09-24,1,17.517894736842106,11.758947368421051,23.96842105263158,0.0,1.8787234042553191,64.05157894736841,9.189473684210526,20.819583333333334,2022
2022-09-25,0,17.813684210526315,13.825263157894737,23.242105263157896,0.0,1.0659574468085107,74.52947368421053,2.7284210526315786,12.089583333333332,2022
2022-09-26,0,18.037894736842105,14.289473684210526,23.48,0.011578947368421053,0.9957446808510638,78.09578947368422,3.176842105263158,11.564791666666666,2022
2022-09-27,0,18.943157894736842,13.604210526315791,26.225263157894737,0.02210526315789474,1.25,76.10947368421053,9.109473684210526,18.86104166666667,2022
2022-09-28,0,18.673684210526314,13.921052631578947,24.853684210526314,0.003157894736842105,0.9354838709677419,80.95052631578947,4.1821052631578945,12.394374999999998,2022
2022-09-29,0,18.870212765957447,13.875789473684211,26.47978723404255,0.004210526315789474,1.132258064516129,78.62553191489361,8.58404255319149,18.579166666666666,2022
2022-09-30,0,19.01914893617021,12.957894736842105,27.632631578947368,0.0,1.0808510638297872,75.57872340425531,9.345263157894736,19.288541666666667,2022
2023-05-20,5,19.1,13.14639175257732,25.595876288659795,0.0,1.8556701030927836,74.51855670103093,10.185567010309278,26.35735849056604,2023
2023-05-21,3,18.996907216494847,15.042268041237113,24.21958762886598,0.027835051546391754,2.207216494845361,70.27731958762887,7.776288659793814,22.092830188679248,2023
2023-05-22,0,16.879381443298968,13.055670103092785,21.448453608247423,0.49896907216494846,1.4659793814432989,69.85051546391753,2.984536082474227,12.756415094339623,2023
2023-05-23,1,17.230927835051546,10.728865979381444,24.45876288659794,0.15463917525773196,1.577319587628866,64.81237113402062,11.309278350515465,27.710943396226416,2023
2023-05-24,0,18.0659793814433,10.88125,24.75154639175258,0.006185567010309278,1.339175257731959,63.194845360824736,6.785416666666666,20.920576923076922,2023
2023-05-25,0,19.527083333333334,13.970103092783503,25.688659793814434,0.0,1.6237113402061856,58.00729166666667,8.6875,25.827692307692306,2023
2023-05-26,2,20.28041237113402,15.231958762886597,25.302061855670104,0.11237113402061856,1.5989690721649483,67.10515463917525,6.102061855670103,19.7911320754717,2023
2023-05-27,0,20.626804123711338,17.798969072164947,24.036082474226806,5.256701030927835,1.7752577319587628,79.88865979381443,1.3969072164948453,11.012830188679244,2023
2023-05-28,1,20.282474226804126,18.647422680412372,21.97938144329897,18.839175257731956,1.8329896907216496,92.84791666666666,0.1474226804123711,5.212641509433962,2023
2023-05-29,0,20.589690721649486,18.491752577319588,23.22783505154639,35.891752577319586,1.3670103092783505,93.63999999999999,1.2525773195876289,7.764150943396227,2023
2023-05-30,0,20.2,17.16701030927835,24.098969072164948,6.592783505154639,1.7237113402061854,83.3178947368421,2.4195876288659792,13.344905660377359,2023
2023-05-31,1,20.357731958762887,15.17216494845361,26.12061855670103,0.9989690721649485,1.820618556701031,67.36288659793814,10.41958762886598,27.43943396226415,2023
2023-06-01,0,19.40412371134021,15.596907216494847,23.211340206185568,6.1608247422680416,1.2072164948453608,79.64432989690722,1.8742268041237116,11.701698113207549,2023
2023-06-02,0,21.42989690721649,17.28041237113402,27.11340206185567,1.002061855670103,2.047422680412371,74.23195876288659,9.202061855670104,25.050377358490568,2023
2023-06-03,0,21.072164948453608,15.136082474226805,27.201030927835053,0.0,2.050515463917526,61.81134020618556,11.878350515463918,28.85056603773585,2023
2023-06-04,3,21.468041237113404,14.977319587628866,27.785567010309276,0.0,1.8587628865979382,55.431958762886595,10.471134020618557,26.494528301886792,2023
2023-06-05,1,21.069072164948455,16.089690721649486,26.147422680412372,0.46701030927835047,1.9123711340206186,62.876288659793815,6.754639175257733,20.512830188679246,2023
2023-06-06,0,20.517525773195878,15.930927835051547,26.278350515463917,1.434020618556701,1.8298969072164948,70.21958762886598,9.528865979381443,25.439245283018867,2023
2023-06-07,0,21.164948453608247,16.143298969072166,26.343298969072166,0.010309278350515464,1.8536082474226805,72.94329896907216,7.9649484536082475,22.097735849056605,2023
2023-06-08,0,21.46701030927835,17.628865979381445,26.841237113402062,1.5371134020618555,1.9175257731958764,74.41443298969072,5.933684210526316,19.757254901960785,2023
2023-06-09,1,21.889690721649487,16.959793814432988,27.809278350515463,2.9319587628865977,1.8051546391752578,70.3061855670103,10.285416666666666,26.960576923076925,2023
2023-06-10,3,21.875257731958765,17.414432989690724,28.302061855670104,3.135051546391753,1.8938144329896907,74.77938144329897,6.992783505154638,21.491698113207548,2023
2023-06-11,2,21.782474226804126,18.037113402061856,27.34020618556701,3.9525773195876286,1.4742268041237114,80.98350515463918,6.592783505154639,20.516603773584908,2023
2023-06-12,3,21.915625000000002,17.883505154639177,27.42989690721649,0.656701030927835,1.3711340206185567,78.22500000000001,7.167010309278351,22.448301886792454,2023
2023-06-13,1,21.703125,17.68,27.147368421052633,0.8937499999999999,1.484375,75.74895833333333,8.724210526315789,23.63622641509434,2023
2023-06-14,1,20.629473684210527,16.211458333333333,26.927083333333332,4.114583333333333,1.4302083333333335,77.26842105263158,7.930526315789473,22.47230769230769,2023
2023-06-15,1,20.646315789473686,15.996875000000001,26.505208333333332,1.1708333333333332,1.4385416666666666,77.39684210526316,8.651063829787235,23.96826923076923,2023
2023-06-16,3,22.847916666666666,16.402083333333334,29.626041666666666,0.0,1.4479166666666667,70.47604166666666,11.890625,28.727924528301884,2023
2023-06-17,6,24.015625,17.704123711340205,30.823711340206188,0.0,1.5329896907216494,65.32083333333334,10.021649484536082,26.20396226415094,2023
2023-06-18,5,24.46701030927835,19.37216494845361,30.95773195876289,0.04536082474226805,1.5051546391752577,66.15051546391751,9.867010309278351,26.037924528301886,2023
2023-06-19,7,24.495876288659794,18.630927835051548,30.894845360824743,0.0,1.877319587628866,68.6742268041237,10.468041237113402,25.792830188679243,2023
2023-06-20,0,22.471134020618553,18.929896907216495,26.61340206185567,5.741237113402062,2.0175257731958762,72.81649484536082,3.4969072164948454,14.228679245283018,2023
2023-06-21,0,20.71443298969072,18.816494845360825,23.16701030927835,13.825773195876288,1.634020618556701,91.5680412371134,0.3391752577319587,6.147924528301887,2023
2023-06-22,1,22.14123711340206,18.66701030927835,26.826804123711337,0.579381443298969,1.865979381443299,78.0721649484536,6.439175257731959,21.58490566037736,2023
2023-06-23,2,23.18041237113402,18.276288659793813,28.905154639175258,0.007216494845360824,1.4938144329896907,75.18969072164948,9.744329896907217,25.386981132075473,2023
2023-06-24,5,23.778350515463917,18.918556701030926,29.421649484536083,0.004123711340206186,1.588659793814433,74.48865979381443,8.863917525773195,24.10018867924528,2023
2023-06-25,3,23.556701030927837,19.391752577319586,28.416494845360827,11.962886597938144,1.656701030927835,78.91958762886598,4.735051546391753,17.41811320754717,2023
2023-06-26,0,23.306185567010306,20.669072164948453,25.624742268041235,40.106185567010314,2.3134020618556703,92.7237113402062,0.07835051546391752,5.454423076923077,2023
2023-06-27,1,25.098969072164948,21.469072164948454,29.235051546391755,23.028865979381447,2.7381443298969073,80.93608247422681,6.105154639175258,20.50943396226415,2023
2023-06-28,4,24.040425531914895,20.329473684210527,27.85684210526316,22.18,2.022105263157895,83.79255319148936,3.943157894736842,16.70730769230769,2023
2023-06-29,0,24.26063829787234,22.425263157894737,26.40947368421053,36.451578947368425,2.185263157894737,91.65744680851063,0.2863157894736842,5.473269230769231,2023
2023-06-30,1,23.67473684210526,21.965263157894736,26.36315789473684,21.866315789473685,1.5094736842105263,92.64947368421053,1.05,8.990576923076922,2023
2023-07-01,15,25.01770833333333,21.586458333333336,30.10625,0.590625,1.253125,84.30624999999999,6.728421052631579,21.27769230769231,2023
2023-07-02,8,25.70520833333333,21.846875,30.989583333333332,0.203125,1.3389473684210527,82.29479166666667,5.6947368421052635,20.874615384615385,2023
2023-07-03,16,25.83894736842105,22.126315789473683,30.581052631578945,3.216842105263158,1.3694736842105262,82.84842105263158,5.941489361702128,20.115961538461537,2023
2023-07-04,1,24.183333333333334,22.3625,27.042708333333334,28.10729166666667,1.6812500000000001,90.63229166666667,1.1385416666666666,8.437692307692307,2023
2023-07-05,4,25.06458333333333,21.532291666666666,29.22083333333333,23.367708333333336,2.7843750000000003,80.25208333333333,7.272631578947368,22.592549019607844,2023
2023-07-06,4,25.625,20.599999999999998,31.395833333333332,0.0,1.8864583333333333,74.20105263157895,7.530208333333333,23.345384615384617,2023
2023-07-07,3,22.786458333333332,19.978125000000002,26.458333333333332,31.746875,1.596875,86.89375,1.4270833333333333,8.383076923076924,2023
2023-07-08,3,23.759375000000002,20.313541666666666,27.876041666666666,5.2625,1.2479166666666666,89.12083333333334,2.396875,13.041153846153845,2023
2023-07-09,0,25.0125,22.241666666666664,28.714583333333334,8.729166666666666,1.5927083333333334,89.13958333333333,1.7145833333333333,11.430769230769231,2023
2023-07-10,3,26.29895833333333,22.63854166666667,30.703125,7.2718750000000005,1.9947916666666667,82.27604166666667,6.242105263157895,20.05392156862745,2023
2023-07-11,2,24.301041666666666,22.171875,27.577083333333334,28.05,1.8354166666666665,91.08437500000001,0.6631578947368421,6.5188235294117645,2023
2023-07-12,2,25.509473684210526,22.516666666666666,29.221875,12.883333333333333,1.5687499999999999,88.00421052631579,3.025,14.017884615384615,2023
2023-07-13,2,25.186458333333334,23.821875000000002,26.852083333333336,19.289583333333333,1.7697916666666667,92.496875,0.006250000000000001,4.953461538461538,2023
2023-07-14,2,25.10625,23.904123711340205,26.50515463917526,71.96907216494846,3.2895833333333333,92.25,0.19583333333333333,4.152115384615384,2023
2023-07-15,1,24.717525773195874,22.464948453608248,26.808247422680413,51.83608247422681,2.7268041237113403,91.16391752577319,0.24948453608247423,6.157692307692307,2023
2023-07-16,0,24.128865979381445,22.109278350515464,27.384536082474227,34.52268041237113,1.4783505154639176,91.71134020618557,0.9030927835051545,8.890192307692308,2023
2023-07-17,4,25.45876288659794,22.88659793814433,29.971134020618553,22.36701030927835,1.511340206185567,89.85979381443299,2.7144329896907218,15.560192307692308,2023
2023-07-18,0,23.8875,22.458333333333332,25.901041666666668,57.06701030927835,1.3416666666666668,95.26354166666665,0.4114583333333333,5.955192307692308,2023
2023-07-19,20,25.007291666666664,21.58125,29.748958333333334,0.30721649484536084,1.3701030927835052,85.51157894736842,7.135416666666667,20.650961538461537,2023
2023-07-20,19,25.50618556701031,21.5979381443299,30.652577319587632,0.24845360824742266,1.0896907216494847,84.06979166666666,6.953608247422681,21.484716981132078,2023
2023-07-21,22,26.04845360824742,21.964948453608248,31.515463917525775,0.7443298969072164,1.4010309278350517,81.25257731958763,7.556701030927835,22.438490566037736,2023
2023-07-22,3,24.968041237113404,21.598969072164948,28.624742268041235,8.539175257731959,1.9752577319587628,83.87628865979381,3.463917525773196,12.644905660377358,2023
2023-07-23,1,25.736082474226805,24.016494845360825,28.028865979381447,23.418556701030926,2.1670103092783504,89.40721649484536,0.22577319587628863,7.43622641509434,2023
2023-07-24,1,25.75463917525773,23.523711340206187,29.517525773195874,21.022680412371134,1.6711340206185565,89.18144329896907,2.32680412371134,13.293584905660378,2023
2023-07-25,2,26.18144329896907,23.5659793814433,30.286597938144332,7.048453608247423,1.577319587628866,86.01752577319589,4.030927835051546,16.84698113207547,2023
2023-07-26,12,26.371875,23.468041237113404,31.444329896907217,9.761855670103092,1.4864583333333332,85.88333333333333,5.6781250000000005,19.537307692307692,2023
2023-07-27,27,27.334374999999998,23.31958762886598,32.531958762886596,0.3865979381443299,1.375,81.47083333333333,8.814583333333333,24.095384615384617,2023
2023-07-28,28,27.805154639175257,23.815463917525772,32.85154639175258,0.6731958762886597,1.3185567010309278,80.28453608247423,8.223711340206187,21.693962264150944,2023
2023-07-29,37,28.214432989690724,23.941237113402064,33.62268041237113,0.4298969072164949,1.2969072164948454,77.54948453608247,9.910309278350516,24.622830188679245,2023
2023-07-30,30,27.84536082474227,23.652577319587632,33.225773195876286,2.1628865979381446,1.3855670103092783,77.91340206185568,9.96701030927835,23.818113207547167,2023
2023-07-31,23,27.757731958762886,23.677319587628865,33.057731958762886,2.6443298969072164,1.2391752577319588,78.64329896907216,8.654639175257731,22.640377358490568,2023
2023-08-01,34,28.191752577319587,23.715463917525774,33.5360824742268,0.12474226804123711,1.2731958762886597,77.49278350515465,10.551546391752577,24.24490566037736,2023
2023-08-02,33,28.47938144329897,24.024742268041237,33.853608247422684,0.3309278350515463,1.2969072164948454,76.64020618556701,9.955670103092784,23.881132075471697,2023
2023-08-03,43,28.835051546391753,24.115463917525773,34.18865979381444,0.002061855670103093,1.4659793814432989,73.52886597938145,10.948453608247423,25.465283018867925,2023
2023-08-04,39,28.84639175257732,24.504123711340206,34.00721649484536,0.12268041237113403,1.3422680412371133,75.47422680412372,9.431958762886598,22.980377358490568,2023
2023-08-05,50,29.168041237113403,24.517525773195874,34.69175257731958,0.030927835051546393,1.3618556701030928,75.22886597938144,11.087628865979381,25.243396226415097,2023
2023-08-06,58,28.771134020618558,24.798969072164947,33.97525773195876,2.35360824742268,1.5718750000000001,78.00721649484535,8.763917525773197,21.59867924528302,2023
2023-08-07,39,28.422680412371133,24.95876288659794,33.66804123711341,3.3206185567010307,1.89375,78.2,8.283333333333333,20.92452830188679,2023
2023-08-08,22,28.330927835051547,24.491752577319584,33.17422680412371,0.5546391752577319,2.167708333333333,75.20206185567011,8.546875,21.912830188679248,2023
2023-08-09,8,25.74742268041237,23.598969072164948,28.68247422680412,24.712371134020618,2.6552083333333334,84.23298969072165,1.1260416666666666,8.139056603773586,2023
2023-08-10,1,23.336082474226803,21.86701030927835,25.442268041237114,95.87835051546392,3.688659793814433,89.87628865979381,0.9343750000000001,5.910566037735849,2023
2023-08-11,6,25.5659793814433,21.903092783505155,29.98144329896907,5.137113402061856,2.01340206185567,81.64845360824742,6.0249999999999995,18.006037735849056,2023
2023-08-12,7,25.303092783505157,22.216494845360824,29.50103092783505,1.8865979381443299,1.2463917525773196,83.71649484536083,4.508333333333334,16.631132075471697,2023
2023-08-13,12,26.22474226804124,22.335051546391753,31.037113402061856,0.3628865979381444,1.2,81.78350515463917,6.448958333333334,20.21811320754717,2023
2023-08-14,17,26.87938144329897,23.23298969072165,31.90618556701031,0.2824742268041237,1.3577319587628864,79.80515463917526,8.207291666666666,20.790754716981134,2023
2023-08-15,19,26.693814432989694,23.030927835051546,31.455670103092782,0.20721649484536084,1.679381443298969,79.02268041237113,8.379166666666666,21.216792452830187,2023
2023-08-16,8,26.369072164948456,23.028865979381447,31.08556701030928,0.5257731958762887,1.4030927835051545,80.19587628865979,6.904166666666666,19.25245283018868,2023
2023-08-17,6,26.049484536082478,22.73298969072165,30.490721649484534,1.8907216494845362,1.2354166666666666,82.45773195876288,5.7484210526315795,17.051698113207546,2023
2023-08-18,17,26.47938144329897,23.165979381443297,31.238144329896905,4.4762886597938145,1.2041237113402061,82.66288659793814,5.751041666666667,17.637358490566037,2023
2023-08-19,13,27.09381443298969,24.02783505154639,31.51855670103093,3.8845360824742268,1.1927835051546392,83.39896907216495,6.28659793814433,17.705849056603775,2023
2023-08-20,8,27.32164948453608,24.079381443298967,32.294845360824745,3.5701030927835053,1.1938144329896907,82.75154639175257,7.007216494845362,20.069056603773586,2023
2023-08-21,16,27.777319587628867,24.040206185567012,32.603092783505154,0.8958762886597939,1.60625,80.5298969072165,8.258762886597939,20.860377358490563,2023
2023-08-22,7,27.531958762886596,24.301041666666666,32.1020618556701,5.912371134020619,2.0500000000000003,80.87835051546392,5.905154639175257,17.800377358490564,2023
2023-08-23,4,26.160416666666666,23.26701030927835,30.610309278350513,30.052577319587627,1.7489583333333334,86.75,3.6484536082474226,12.911698113207548,2023
2023-08-24,3,24.724999999999998,22.816666666666666,27.945360824742266,32.0,1.4770833333333335,92.17291666666667,0.7690721649484535,8.553584905660378,2023
2023-08-25,0,25.769072164948454,22.011340206185565,30.52577319587629,3.707216494845361,1.6739583333333332,80.01855670103093,8.91958762886598,22.26452830188679,2023
2023-08-26,3,25.096907216494845,20.82783505154639,30.68144329896907,0.0,1.2736842105263158,78.78865979381443,9.533333333333333,22.147735849056602,2023
2023-08-27,1,25.362886597938143,21.02164948453608,30.235051546391755,0.4814432989690722,1.4229166666666666,79.91134020618556,6.218556701030928,17.663018867924528,2023
2023-08-28,0,25.12061855670103,22.513402061855672,28.039175257731962,7.217525773195876,2.191666666666667,83.3659793814433,1.643298969072165,9.562641509433963,2023
2023-08-29,1,25.304123711340207,22.884536082474227,28.449484536082473,19.141237113402063,1.9625000000000001,89.54742268041238,0.8855670103092784,7.39188679245283,2023
2023-08-30,2,22.96701030927835,21.22474226804124,25.128865979381445,38.02680412371134,1.2197916666666666,93.240206185567,0.1670103092783505,5.165094339622642,2023
2023-08-31,1,23.488659793814435,20.417525773195877,27.95154639175258,5.901030927835051,1.2645833333333334,84.33402061855669,5.085567010309278,17.0588679245283,2023
2023-09-01,3,23.539175257731962,19.709278350515465,28.918556701030926,6.1608247422680416,1.3649484536082475,81.84432989690721,6.860824742268041,17.616792452830186,2023
2023-09-02,4,23.785567010309276,19.570103092783505,28.898969072164945,3.210309278350515,1.34375,83.29896907216495,5.416494845360824,16.263584905660377,2023
2023-09-03,4,25.471134020618553,22.039175257731962,30.25257731958763,2.894845360824742,1.2874999999999999,84.40515463917527,5.231958762886598,16.41320754716981,2023
2023-09-04,2,25.90416666666667,22.597916666666666,30.592708333333334,1.2145833333333333,1.375,83.55416666666666,5.108333333333333,16.383584905660378,2023
2023-09-05,3,25.70515463917526,22.2319587628866,30.491752577319584,0.008247422680412371,1.5876288659793814,76.68247422680412,7.6680412371134015,19.817358490566036,2023
2023-09-06,4,25.029896907216497,20.738144329896905,30.42577319587629,0.13402061855670103,1.7329896907216493,75.98041237113402,9.424742268041237,20.580754716981133,2023
2023-09-07,1,23.713402061855668,18.90412371134021,29.475257731958763,0.003092783505154639,1.8154639175257732,69.51958762886598,10.812371134020617,23.219622641509435,2023
2023-09-08,0,22.756701030927836,17.52680412371134,28.808247422680413,0.0,1.4536082474226804,72.03298969072165,10.55979381443299,22.975471698113207,2023
2023-09-09,2,23.00515463917526,17.482474226804122,29.464948453608248,0.0,1.1854166666666666,75.39381443298969,10.395876288659794,22.754716981132077,2023
2023-09-10,1,23.54123711340206,18.69896907216495,29.47319587628866,0.0,1.1468749999999999,77.24432989690722,8.281443298969071,19.82943396226415,2023
2023-09-11,0,24.18247422680412,19.829896907216494,29.789690721649485,0.20103092783505155,1.1354166666666667,77.50618556701032,8.228865979381444,19.156037735849058,2023
2023-09-12,0,24.416494845360827,20.482474226804122,29.70618556701031,0.058762886597938144,1.0391752577319586,78.98144329896907,5.533333333333334,16.22903846153846,2023
2023-09-13,1,22.52680412371134,20.455670103092785,25.336082474226803,20.297938144329898,1.2484536082474227,89.86907216494845,0.3104166666666667,5.948653846153846,2023
2023-09-14,0,22.25360824742268,20.128865979381445,25.00515463917526,11.0,1.388659793814433,89.54639175257732,0.7216494845360825,7.47377358490566,2023
2023-09-15,0,22.712500000000002,21.025000000000002,25.165979381443297,17.052577319587627,1.365979381443299,92.22783505154639,0.8907216494845361,6.770188679245283,2023
2023-09-16,0,23.2659793814433,21.703092783505152,26.420618556701033,33.521649484536084,0.9845360824742269,94.08144329896906,0.7453608247422681,5.733018867924529,2023
2023-09-17,0,24.036082474226806,21.65567010309278,27.92989690721649,15.931958762886598,1.046875,89.0020618556701,2.751546391752577,11.867735849056604,2023
2023-09-18,1,24.448453608247423,21.10103092783505,29.559793814432993,2.443298969072165,1.2,84.62371134020619,7.42061855670103,17.91754716981132,2023
2023-09-19,1,23.563917525773196,20.03298969072165,28.404123711340205,0.0,1.1577319587628865,81.4,6.083333333333333,15.239056603773584,2023
2023-09-20,0,21.842268041237112,19.536082474226806,24.484536082474225,49.128865979381445,2.0340206185567014,91.48762886597937,0.05670103092783505,3.4581132075471697,2023
2023-09-21,0,19.83917525773196,17.287628865979382,23.21958762886598,6.587628865979381,2.2505154639175258,84.53298969072166,0.7958762886597939,8.25433962264151,2023
2023-09-22,0,19.65463917525773,15.608247422680412,25.394845360824743,0.10824742268041238,1.3061855670103093,79.47938144329896,7.620618556701031,17.881886792452832,2023
2023-09-23,1,19.802061855670104,15.097938144329897,25.48041237113402,0.17525773195876287,1.7010309278350515,75.48865979381443,6.061855670103093,15.522641509433964,2023
2023-09-24,0,20.522680412371134,15.964948453608246,25.504123711340206,0.0,2.265979381443299,67.41958762886598,8.578350515463917,18.628679245283017,2023
2023-09-25,0,21.327083333333334,17.696907216494843,25.969072164948454,1.6896907216494845,1.4494845360824742,77.70416666666667,2.4814432989690722,12.007735849056603,2023
2023-09-26,0,21.24742268041237,19.64020618556701,23.188659793814434,14.87422680412371,1.1875,92.39587628865979,0.7381443298969073,4.683962264150943,2023
2023-09-27,0,22.117525773195876,20.130927835051548,25.261855670103095,2.241237113402062,1.2804123711340207,88.00103092783506,1.8484536082474226,9.145283018867925,2023
2023-09-28,1,22.335051546391753,18.585567010309276,27.342268041237112,0.09690721649484536,1.5762886597938144,79.35051546391753,7.758762886597938,17.129622641509435,2023
2023-09-29,0,20.504123711340206,16.604123711340204,25.98041237113402,0.0,1.1278350515463917,77.33402061855669,5.137113402061856,15.725849056603774,2023
2023-09-30,0,18.90824742268041,15.4,23.489690721649485,3.960824742268041,1.597938144329897,79.7041237113402,4.722916666666666,12.274999999999999,2023
2024-05-20,1,19.089583333333334,12.917708333333332,25.730208333333334,0.06354166666666668,1.5385416666666665,68.38125000000001,7.422105263157895,20.980847457627117,2024
2024-05-21,0,18.664583333333333,14.0625,24.616666666666664,0.0,1.7578947368421052,75.03333333333333,8.578947368421053,24.463898305084744,2024
2024-05-22,1,19.626041666666666,13.358333333333334,26.537499999999998,0.0010416666666666667,1.5372340425531914,73.24791666666667,9.487368421052631,24.552931034482757,2024
2024-05-23,1,21.48229166666667,15.288541666666667,28.50208333333333,0.0,1.7276595744680852,64.88437499999999,11.598947368421054,27.91,2024
2024-05-24,2,19.596842105263157,14.483333333333334,25.915625000000002,0.006250000000000001,1.9094736842105264,69.9063157894737,8.45578947368421,22.95189655172414,2024
2024-05-25,0,19.10625,15.321875,23.620833333333334,0.004166666666666667,1.96,63.46666666666667,5.390526315789474,20.436949152542372,2024
2024-05-26,1,19.492708333333333,14.026041666666666,24.72083333333333,12.544791666666667,2.2333333333333334,78.14270833333333,4.063541666666667,13.430508474576271,2024
2024-05-27,0,19.184375,15.410416666666668,23.559375,0.196875,2.782291666666667,61.28854166666667,8.751041666666667,23.697627118644068,2024
2024-05-28,1,18.086458333333333,12.390625,24.052083333333332,0.01875,2.178125,63.8125,9.378124999999999,25.455333333333332,2024
2024-05-29,1,19.384375000000002,11.430208333333333,26.946875000000002,0.0,1.5208333333333333,64.30104166666666,12.7,28.99406779661017,2024
2024-05-30,0,19.578350515463917,14.700000000000001,25.25257731958763,0.3247422680412371,1.1814432989690722,67.09690721649484,1.4670103092783506,14.40639344262295,2024
2024-05-31,1,20.435051546391755,15.551546391752577,26.175257731958762,0.35051546391752575,1.895876288659794,64.17113402061857,10.685567010309278,27.583934426229508,2024
2024-06-01,1,19.36494845360825,15.43298969072165,24.557731958762886,0.3525773195876289,2.291752577319588,66.31752577319588,7.876288659793815,22.96262295081967,2024
2024-06-02,0,18.824742268041238,13.287628865979382,24.960824742268038,0.15670103092783505,1.8494845360824743,65.84742268041236,9.261855670103092,24.58344262295082,2024
2024-06-03,0,19.0659793814433,13.081443298969074,25.421649484536083,0.30412371134020616,1.7659793814432991,66.65567010309279,10.362886597938145,26.99327868852459,2024
2024-06-04,4,19.48659793814433,13.338144329896906,26.077319587628867,0.0,1.6773195876288658,65.0020618556701,11.691666666666668,28.8855,2024
2024-06-05,2,20.34742268041237,13.67216494845361,27.20824742268041,0.008247422680412371,1.4865979381443297,67.4958762886598,9.190721649484535,24.3727868852459,2024
2024-06-06,2,20.55360824742268,15.704123711340205,26.63917525773196,0.31752577319587627,1.3597938144329897,68.87628865979381,6.348453608247422,20.54,2024
2024-06-07,2,21.313402061855673,14.948453608247423,27.221649484536083,0.052577319587628873,1.4309278350515464,66.24432989690722,7.345833333333334,20.93967213114754,2024
2024-06-08,1,19.629896907216494,17.79484536082474,22.662886597938147,13.67319587628866,1.3907216494845362,87.84020618556701,1.05,8.105409836065574,2024
2024-06-09,1,21.9375,17.69278350515464,27.589690721649482,0.32783505154639175,1.488659793814433,78.36979166666667,8.205208333333333,22.335833333333333,2024
2024-06-10,4,23.45876288659794,17.21443298969072,30.03298969072165,0.0,1.722680412371134,70.6618556701031,10.979166666666666,26.63655737704918,2024
2024-06-11,7,24.11443298969072,18.52061855670103,30.6319587628866,0.0,1.6680412371134021,68.54639175257732,10.592708333333333,26.35426229508197,2024
2024-06-12,9,24.16185567010309,17.842268041237112,31.447422680412373,0.1463917525773196,1.5463917525773196,64.73814432989691,11.377659574468085,27.192333333333334,2024
2024-06-13,8,24.63298969072165,17.905154639175258,32.13917525773196,0.03711340206185567,1.424742268041237,63.542268041237115,12.18,28.41967213114754,2024
2024-06-14,9,24.7659793814433,18.144329896907216,31.38144329896907,0.016494845360824743,1.558762886597938,66.13917525773196,10.565624999999999,25.451999999999998,2024
2024-06-15,9,23.98556701030928,20.05979381443299,29.49278350515464,4.663917525773195,1.5690721649484536,76.04639175257732,6.554736842105264,20.514499999999998,2024
2024-06-16,2,23.694845360824743,18.879381443298968,29.314432989690722,0.15257731958762888,1.9845360824742269,66.75154639175257,11.020833333333334,27.171147540983608,2024
2024-06-17,4,22.47731958762887,16.83298969072165,28.283505154639176,0.08659793814432988,1.4309278350515464,65.1340206185567,5.597916666666666,18.437704918032786,2024
2024-06-18,6,24.609278350515464,16.606185567010307,32.511340206185565,0.0,1.7371134020618557,59.199999999999996,12.919791666666667,29.479180327868853,2024
2024-06-19,14,25.735051546391755,18.48762886597938,33.988659793814435,0.0,1.4958762886597938,60.06907216494845,10.623958333333333,26.25344262295082,2024
2024-06-20,7,23.73229166666667,19.051546391752577,28.56494845360825,6.470103092783505,1.7082474226804123,67.98041237113401,4.6343749999999995,14.838196721311474,2024
2024-06-21,6,24.656701030927834,18.94536082474227,30.539175257731962,0.09690721649484536,1.5701030927835053,70.18969072164948,8.887500000000001,23.329016393442622,2024
2024-06-22,0,22.829896907216494,21.52061855670103,24.540206185567012,32.58350515463918,1.7175257731958762,91.52474226804124,0.01979166666666667,3.477213114754098,2024
2024-06-23,4,23.856701030927834,21.540206185567012,27.92989690721649,5.288659793814433,1.8319587628865979,86.4381443298969,2.495833333333333,12.991475409836067,2024
2024-06-24,4,24.094845360824742,20.4,28.781443298969073,1.0,2.2061855670103094,77.3979381443299,5.676041666666666,19.984590163934424,2024
2024-06-25,0,22.455670103092782,18.150515463917525,27.396907216494846,0.0010309278350515464,1.920618556701031,65.4340206185567,7.229166666666667,20.994918032786885,2024
2024-06-26,3,22.763917525773195,16.954639175257732,29.028865979381447,0.0,1.3453608247422681,67.1659793814433,10.987368421052631,26.424500000000002,2024
2024-06-27,0,21.713402061855668,17.38659793814433,26.29484536082474,3.6422680412371133,1.1845360824742268,75.15051546391753,3.1614583333333335,13.549999999999999,2024
2024-06-28,1,23.88762886597938,17.384536082474227,30.490721649484534,0.06082474226804124,1.4135416666666665,71.24432989690722,11.334375,27.401311475409837,2024
2024-06-29,4,23.969072164948454,20.052577319587627,28.336082474226803,44.3041237113402,2.1402061855670103,83.26907216494845,3.7468749999999997,12.697666666666667,2024
2024-06-30,1,24.168041237113403,22.324742268041238,26.673195876288663,31.761855670103095,2.843298969072165,90.58350515463918,0.8156249999999999,7.6,2024
2024-07-01,4,25.309278350515463,21.561855670103093,30.184536082474228,1.4804123711340205,1.4659793814432989,80.3020618556701,8.251041666666667,22.863333333333333,2024
2024-07-02,0,23.955670103092782,21.874226804123712,26.397938144329895,37.19175257731958,2.4474226804123713,91.05876288659795,0.48526315789473684,5.870508474576272,2024
2024-07-03,4,25.702061855670102,22.79175257731959,29.296907216494848,8.951546391752577,2.677319587628866,82.26804123711341,4.322916666666667,16.838,2024
2024-07-04,7,26.621649484536086,22.24742268041237,31.362886597938143,1.6381443298969072,2.2030927835051544,77.6298969072165,8.308421052631578,23.829166666666666,2024
2024-07-05,3,25.96701030927835,22.926804123711342,29.814432989690722,3.805154639175258,2.739175257731959,77.0659793814433,7.118947368421052,22.762833333333333,2024
2024-07-06,6,26.517525773195874,22.742268041237114,30.377319587628865,2.342268041237113,2.7618556701030927,81.03092783505154,2.9800000000000004,14.804333333333334,2024
2024-07-07,2,25.806185567010306,23.739175257731958,28.72783505154639,14.539175257731959,2.4030927835051545,86.40618556701031,0.9281250000000001,10.085245901639345,2024
2024-07-08,3,25.008333333333336,23.695833333333336,26.73229166666667,34.697938144329896,2.0166666666666666,91.67395833333335,0.19999999999999998,5.333934426229508,2024
2024-07-09,1,24.330927835051547,22.806185567010306,26.567010309278352,26.62680412371134,1.68659793814433,92.73505154639174,0.35789473684210527,6.940833333333333,2024
2024-07-10,4,24.322680412371135,21.68144329896907,28.079381443298967,40.7979381443299,2.4309278350515466,88.34432989690721,2.780208333333333,13.753934426229508,2024
2024-07-11,3,24.01958762886598,21.369072164948456,27.789690721649485,2.674226804123711,1.2082474226804123,86.54329896907217,2.970833333333333,14.685901639344262,2024
2024-07-12,7,24.850515463917525,21.27938144329897,29.955670103092782,1.6855670103092784,1.2443298969072165,83.1,7.027083333333334,21.708688524590166,2024
2024-07-13,8,25.00103092783505,21.262886597938145,29.530927835051546,0.9690721649484536,1.4092783505154638,81.93092783505155,5.5375000000000005,18.35049180327869,2024
2024-07-14,6,24.316494845360822,22.121649484536086,27.249484536082473,15.372164948453607,1.68659793814433,86.44329896907216,2.121875,10.908852459016394,2024
2024-07-15,10,25.02164948453608,22.34020618556701,28.595876288659795,2.5845360824742265,1.6814432989690722,83.83711340206186,3.0906249999999997,13.694262295081968,2024
2024-07-16,0,24.66082474226804,22.52268041237113,27.717525773195874,35.64123711340206,1.58659793814433,90.17938144329896,1.41875,9.560491803278689,2024
2024-07-17,3,26.047916666666666,23.08659793814433,29.544329896907218,17.944329896907217,2.231958762886598,87.10416666666667,0.9926315789473684,10.706333333333333,2024
2024-07-18,1,25.864583333333332,23.99278350515464,28.012371134020615,32.42680412371134,2.692783505154639,88.23958333333333,0.20638297872340428,5.8293333333333335,2024
2024-07-19,1,25.65567010309278,23.16082474226804,29.456701030927835,10.902061855670103,1.6319587628865981,86.1742268041237,3.7957894736842106,14.49672131147541,2024
2024-07-20,2,26.416666666666668,22.777319587628867,30.581443298969074,9.750515463917525,2.1770833333333335,84.890625,3.9084210526315792,14.99983606557377,2024
2024-07-21,5,27.62680412371134,24.156701030927834,31.624742268041235,6.927835051546392,2.7649484536082474,80.20206185567011,5.829896907216495,19.65622950819672,2024
2024-07-22,12,28.18762886597938,25.25154639175258,31.3680412371134,6.669072164948453,2.5350515463917525,79.86288659793814,4.707291666666666,16.701475409836064,2024
2024-07-23,7,27.645360824742266,25.420618556701033,30.37216494845361,6.242268041237113,2.4814432989690722,82.37216494845362,1.8927835051546391,12.124918032786885,2024
2024-07-24,20,27.57010309278351,24.567010309278352,31.742268041237114,11.14020618556701,1.7762886597938146,85.18144329896907,5.586315789473685,17.987166666666667,2024
2024-07-25,30,28.395876288659796,24.921649484536083,33.10412371134021,4.150515463917526,1.7072164948453608,81.4,7.502061855670104,21.311475409836067,2024
2024-07-26,9,27.842268041237112,24.923711340206186,32.00515463917526,8.8,2.185567010309278,83.64948453608247,4.9649484536082475,17.011475409836066,2024
2024-07-27,16,28.183505154639178,25.630927835051544,32.0298969072165,6.977319587628865,2.2711340206185566,84.6319587628866,3.7742268041237117,16.71934426229508,2024
2024-07-28,20,29.00618556701031,25.829896907216494,33.02371134020619,0.041237113402061855,2.4917525773195877,77.58041237113402,8.768041237113403,23.25573770491803,2024
2024-07-29,18,28.471134020618553,25.5,32.062886597938146,0.07731958762886598,2.6484536082474226,77.68762886597938,7.096907216494845,19.875901639344264,2024
2024-07-30,14,28.45154639175258,25.18762886597938,32.58659793814433,0.09278350515463918,2.088659793814433,77.91855670103094,7.80618556701031,21.94901639344262,2024
2024-07-31,30,28.916494845360827,25.016494845360825,33.628865979381445,0.002061855670103093,1.8402061855670102,77.45257731958762,9.228865979381444,24.537540983606558,2024
2024-08-01,35,29.211340206185568,25.61855670103093,33.485567010309275,0.08247422680412371,1.809278350515464,78.60618556701031,7.7625,22.120327868852456,2024
2024-08-02,39,29.584536082474227,26.2319587628866,34.01546391752577,0.44536082474226807,1.6824742268041235,80.44639175257733,7.768041237113402,21.07,2024
2024-08-03,76,29.921649484536083,26.324742268041238,34.89278350515464,0.6381443298969073,1.3309278350515463,78.62680412371134,9.357731958762887,23.146065573770493,2024
2024-08-04,58,29.303124999999998,25.5125,34.56666666666667,0.8896907216494845,1.294845360824742,79.953125,8.557731958762886,22.610491803278688,2024
2024-08-05,38,28.10625,24.651041666666668,33.72291666666667,10.384536082474227,1.4708333333333332,82.70421052631579,6.697938144329897,18.625737704918034,2024
2024-08-06,23,27.852083333333336,24.080412371134024,33.294845360824745,3.252577319587629,1.2989690721649485,81.921875,8.129166666666666,21.1072131147541,2024
2024-08-07,25,28.545360824742268,24.578350515463917,33.904123711340205,1.0628865979381443,1.231958762886598,80.07187499999999,8.970833333333333,22.31393442622951,2024
2024-08-08,16,27.715463917525774,24.508247422680416,32.396907216494846,3.2618556701030927,1.2309278350515465,82.23229166666667,5.179166666666666,16.83590163934426,2024
2024-08-09,35,28.129896907216494,23.927835051546392,33.577319587628864,0.2989690721649485,1.229896907216495,78.29072164948454,10.0625,24.184918032786886,2024
2024-08-10,22,28.228865979381442,23.99896907216495,33.49484536082474,0.5082474226804123,1.4154639175257733,78.3257731958763,9.111458333333333,22.568196721311477,2024
2024-08-11,27,28.45257731958763,24.347422680412368,33.5,0.1711340206185567,1.5835051546391752,76.01546391752578,9.742708333333333,23.162622950819674,2024
2024-08-12,34,28.459793814432988,24.08659793814433,33.94329896907217,0.45670103092783504,1.4876288659793815,76.03917525773196,10.0625,23.775245901639344,2024
2024-08-13,28,28.330927835051547,24.158762886597938,33.84639175257732,1.3412371134020618,1.5051546391752577,75.07628865979382,9.720833333333333,22.999016393442623,2024
2024-08-14,26,28.25154639175258,23.798969072164947,33.751546391752576,1.2082474226804123,1.4752577319587628,75.41340206185566,9.901041666666666,22.667540983606557,2024
2024-08-15,22,27.895876288659796,24.04742268041237,33.52268041237113,3.411340206185567,1.4577319587628867,77.17113402061855,8.576041666666667,21.21344262295082,2024
2024-08-16,22,27.65567010309278,23.7,33.10927835051546,2.6288659793814433,1.447422680412371,77.67938144329896,7.8843749999999995,20.297049180327868,2024
2024-08-17,18,27.82061855670103,23.97422680412371,33.4319587628866,3.060824742268041,1.3597938144329897,78.20618556701031,8.17157894736842,20.464098360655736,2024
2024-08-18,21,27.863917525773196,23.923711340206186,33.327835051546394,0.9969072164948453,1.440625,77.57525773195877,8.944791666666667,22.070983606557377,2024
2024-08-19,29,28.6340206185567,24.0979381443299,33.87216494845361,0.08144329896907217,1.440625,76.8319587628866,9.289690721649485,21.822622950819675,2024
2024-08-20,14,28.644329896907216,25.34536082474227,33.1659793814433,10.61237113402062,1.9556701030927834,82.81134020618556,4.662886597938145,15.238524590163934,2024
2024-08-21,5,28.037499999999998,25.912499999999998,31.114583333333332,20.25979381443299,2.2030927835051544,87.54432989690721,2.253125,10.787333333333333,2024
2024-08-22,11,28.192783505154637,25.371134020618555,32.14329896907216,4.905154639175258,2.475257731958763,84.04536082474226,4.1031249999999995,14.685833333333333,2024
2024-08-23,9,27.947916666666668,24.239583333333332,32.715624999999996,0.3572916666666666,1.7354166666666666,78.08125,8.936458333333333,21.31655737704918,2024
2024-08-24,14,27.81752577319588,23.830927835051547,33.02577319587629,0.38762886597938145,1.2041237113402061,79.06494845360825,8.672916666666667,20.881333333333334,2024
2024-08-25,13,27.55360824742268,23.884536082474227,32.80103092783505,0.7701030927835052,1.1731958762886598,80.98865979381443,7.819587628865979,19.72622950819672,2024
2024-08-26,6,27.24845360824742,23.97938144329897,31.943298969072163,2.8917525773195876,1.1216494845360825,82.80824742268041,4.48659793814433,15.65360655737705,2024
2024-08-27,2,25.92395833333333,23.192783505154637,29.891752577319586,4.401030927835051,1.5726315789473684,84.35157894736842,1.702061855670103,10.459016393442623,2024
2024-08-28,1,26.385416666666668,22.29484536082474,30.983505154639175,0.5422680412371134,2.5083333333333333,75.078125,6.838144329896907,18.14655737704918,2024
2024-08-29,4,27.121875,23.07422680412371,31.831958762886597,4.002061855670103,2.75625,74.06770833333333,7.471134020618557,19.478032786885247,2024
2024-08-30,4,27.284536082474226,22.85360824742268,32.72783505154639,0.31030927835051547,2.3051546391752575,73.41752577319588,9.868041237113403,22.331803278688525,2024
2024-08-31,7,25.9340206185567,21.218556701030927,31.730927835051546,0.0,1.6628865979381444,74.43608247422681,10.536082474226804,23.58573770491803,2024
2024-09-01,1,25.991752577319584,21.42577319587629,31.713402061855668,0.16082474226804122,1.3979381443298968,75.33917525773195,9.375257731958763,22.148688524590163,2024
2024-09-02,0,24.91340206185567,21.13917525773196,29.284536082474226,1.5319587628865978,1.3876288659793814,79.3,2.6391752577319587,11.702622950819672,2024
2024-09-03,5,25.223711340206183,21.410309278350518,29.896907216494846,0.5020618556701031,1.9577319587628867,71.4340206185567,5.989690721649485,17.53295081967213,2024
2024-09-04,4,25.0659793814433,19.817525773195875,31.171134020618556,0.004123711340206186,1.660824742268041,71.38350515463917,10.82680412371134,23.13377049180328,2024
2024-09-05,1,26.18041237113402,20.677319587628865,31.803092783505157,0.6123711340206185,1.6278350515463917,75.83298969072165,7.808247422680412,18.726885245901638,2024
2024-09-06,3,25.043298969072165,22.91443298969072,28.40824742268041,5.731958762886598,1.2927835051546392,85.13505154639175,1.131958762886598,8.480983606557377,2024
2024-09-07,3,25.322680412371135,22.354639175257734,29.964948453608248,1.4422680412371134,1.1154639175257732,84.37835051546392,3.8701030927835047,14.380163934426228,2024
2024-09-08,10,26.20515463917526,22.285567010309276,31.693814432989694,0.18865979381443299,1.2134020618556702,80.03505154639174,7.751041666666667,19.388852459016395,2024
2024-09-09,10,27.12680412371134,23.057731958762886,32.511340206185565,0.03298969072164948,1.3917525773195876,78.18247422680412,7.797894736842105,18.48166666666667,2024
2024-09-10,12,27.847916666666666,22.988659793814435,33.937113402061854,0.36597938144329895,1.4391752577319588,76.21249999999999,10.195833333333333,21.124754098360654,2024
2024-09-11,8,27.011340206185565,23.970103092783503,32.29278350515464,15.425773195876289,1.347422680412371,84.60412371134021,2.966666666666667,12.456557377049181,2024
2024-09-12,4,26.304123711340207,24.22680412371134,29.811340206185566,15.597938144329897,1.275257731958763,88.8298969072165,2.535416666666667,10.85655737704918,2024
2024-09-13,7,27.110309278350513,23.854639175257734,31.919587628865976,3.141237113402062,1.265979381443299,84.25154639175257,6.0,16.24360655737705,2024
2024-09-14,6,27.35360824742268,23.814432989690722,32.42164948453608,2.0649484536082476,1.3412371134020618,82.06082474226804,7.334736842105262,17.716229508196722,2024
2024-09-15,4,27.11855670103093,23.749484536082473,31.4020618556701,3.2773195876288663,2.1123711340206186,80.11354166666666,5.6812499999999995,14.35327868852459,2024
2024-09-16,1,26.516494845360825,23.874226804123712,29.85979381443299,1.6917525773195876,1.9030927835051545,80.70515463917525,1.9791666666666667,10.706065573770493,2024
2024-09-17,7,28.103125000000002,24.447422680412373,33.69072164948454,2.2628865979381443,1.1135416666666667,82.09583333333333,6.903157894736841,16.843833333333333,2024
2024-09-18,9,27.710416666666664,24.550515463917527,33.30515463917526,10.18041237113402,1.253125,83.13333333333334,6.161052631578947,15.883166666666666,2024
2024-09-19,7,27.773684210526316,23.891752577319586,33.04020618556701,2.120618556701031,1.346875,81.30842105263159,5.906315789473685,16.30483333333333,2024
2024-09-20,0,25.476288659793813,22.354639175257734,28.29484536082474,53.78041237113402,1.8618556701030928,92.3216494845361,0.22164948453608246,4.631311475409836,2024
2024-09-21,1,21.778350515463917,19.73298969072165,24.804123711340207,120.78762886597937,2.6082474226804124,93.4659793814433,0.09484536082474226,3.2832786885245904,2024
2024-09-22,1,20.970103092783503,18.511340206185565,24.310309278350516,4.568041237113402,2.2864583333333335,82.62680412371134,1.8597938144329897,10.009344262295082,2024
2024-09-23,0,20.011340206185565,15.996875000000001,24.896907216494846,0.1360824742268041,2.2610526315789476,69.45360824742268,8.218556701030929,18.768032786885243,2024
2024-09-24,1,19.951041666666665,14.643749999999999,26.16082474226804,0.11134020618556702,1.5694736842105264,73.93229166666667,8.026315789473685,18.369500000000002,2024
2024-09-25,0,22.008247422680416,17.123711340206185,27.882474226804124,0.07731958762886598,1.234375,78.79072164948454,6.986458333333334,16.148852459016393,2024
2024-09-26,0,22.903092783505155,18.854639175257734,28.495876288659794,0.6175257731958763,1.1302083333333333,80.87731958762888,6.892708333333334,16.34327868852459,2024
2024-09-27,2,22.556701030927837,18.90824742268041,28.050515463917527,1.7350515463917526,1.5552083333333335,79.32061855670102,7.558333333333334,16.819016393442624,2024
2024-09-28,1,22.376288659793815,18.45773195876289,27.297938144329898,1.595876288659794,2.03125,75.35567010309278,6.46875,15.368196721311476,2024
2024-09-29,2,21.722680412371133,17.489690721649485,27.110309278350513,0.01649484536082474,1.9781250000000001,72.80721649484536,7.835416666666667,16.977868852459018,2024
2024-09-30,0,20.75979381443299,15.361855670103091,27.583505154639173,0.0,1.2677083333333334,74.64329896907216,9.4,18.761475409836066,2024
2025-05-15,0,19.684536082474228,16.9020618556701,22.88659793814433,7.530927835051546,1.9762886597938143,84.06804123711339,1.08125,9.072923076923077,2025
2025-05-16,0,19.349484536082475,16.68041237113402,22.637113402061857,34.350515463917525,1.7835051546391754,90.3917525773196,0.15208333333333332,5.415692307692307,2025
2025-05-17,0,19.287628865979382,15.282474226804124,24.961855670103095,2.4835051546391753,2.2969072164948456,81.48453608247422,6.610416666666667,21.59646153846154,2025
2025-05-18,0,16.449484536082473,11.678350515463917,22.30103092783505,0.0,2.141237113402062,63.352577319587624,9.65625,25.87246153846154,2025
2025-05-19,0,18.089583333333334,10.456249999999999,23.760416666666668,0.10412371134020618,2.455208333333333,70.56701030927834,6.515625,20.324769230769228,2025
2025-05-20,7,22.870833333333334,17.9375,28.272916666666664,0.2690721649484536,2.3333333333333335,79.99690721649485,6.257894736842105,19.29703125,2025
2025-05-21,4,22.881249999999998,18.50515463917526,27.710309278350515,0.5773195876288659,1.6770833333333333,80.45257731958762,4.3343750000000005,15.65765625,2025
2025-05-22,1,19.202061855670102,15.761855670103094,23.670103092783506,0.3443298969072165,1.9937500000000001,79.79072164948454,3.3958333333333335,14.66921875,2025
2025-05-23,0,17.516494845360825,13.715463917525774,21.405154639175258,0.975257731958763,2.1125000000000003,63.61752577319587,1.447422680412371,12.384461538461538,2025
2025-05-24,0,14.728865979381444,12.610309278350515,17.557731958762886,3.247422680412371,2.384375,76.14226804123712,0.2845360824742268,7.514461538461538,2025
2025-05-25,0,16.276288659793813,10.84020618556701,22.61958762886598,0.1670103092783505,1.7625,72.10515463917525,11.282291666666666,27.630769230769232,2025
2025-05-26,0,17.771134020618558,11.03298969072165,24.900000000000002,0.0,1.452577319587629,68.19587628865979,11.242105263157894,26.42109375,2025
2025-05-27,2,18.665979381443297,11.942268041237114,25.54639175257732,0.015463917525773196,1.4793814432989691,65.83402061855669,11.494791666666666,26.21109375,2025
2025-05-28,1,18.86063829787234,12.852083333333333,26.14270833333333,1.6333333333333335,1.4105263157894736,69.91170212765957,9.49468085106383,23.765625,2025
2025-05-29,2,18.501052631578947,12.997894736842104,25.85473684210526,1.9791666666666667,1.5947368421052632,71.75157894736842,9.926881720430108,25.640806451612903,2025
2025-05-30,0,18.221875,12.418556701030926,25.010309278350515,0.0,1.643298969072165,67.82395833333334,11.521052631578947,26.691875,2025
2025-05-31,2,18.529896907216497,11.664948453608247,25.50103092783505,0.0,1.3948453608247424,66.62783505154638,8.717525773195877,22.82507692307692,2025
2025-06-01,2,20.224742268041236,12.925773195876289,27.52577319587629,0.0,1.3608247422680413,66.54948453608247,11.011340206185565,26.952307692307695,2025
2025-06-02,0,18.528865979381443,16.10721649484536,21.822680412371135,2.739175257731959,1.190721649484536,79.49896907216494,0.04536082474226805,7.763846153846154,2025
2025-06-03,2,20.052083333333332,15.429896907216495,25.470103092783503,0.5494845360824742,2.37319587628866,65.33020833333333,9.835051546391753,25.542153846153845,2025
2025-06-04,1,20.147916666666667,12.9,26.78041237113402,0.007216494845360824,2.8103092783505157,50.20520833333333,12.072164948453608,28.753076923076925,2025
2025-06-05,1,20.501052631578947,12.569072164948453,27.598958333333332,0.0,1.82,54.52842105263158,11.737894736842104,28.843650793650795,2025
2025-06-06,2,21.695833333333336,15.915625,28.390625,0.017708333333333333,1.8739583333333334,54.96875,5.388421052631578,19.19063492063492,2025
2025-06-07,4,22.575,15.859375,29.07604166666667,0.015625,1.8427083333333334,63.36666666666667,8.605263157894736,23.721746031746033,2025
2025-06-08,2,23.38865979381443,18.936082474226804,29.101030927835055,0.03917525773195876,1.5144329896907216,72.92680412371134,7.25360824742268,22.07076923076923,2025
2025-06-09,2,23.31855670103093,18.730927835051546,29.33298969072165,0.009278350515463916,1.5690721649484536,72.87113402061856,7.710309278350516,22.746153846153845,2025
2025-06-10,3,22.922680412371133,17.831958762886597,28.62061855670103,0.020618556701030927,2.097938144329897,70.7,6.541237113402062,20.531692307692307,2025
2025-06-11,0,22.544329896907218,16.497938144329897,29.222680412371133,0.0,2.097938144329897,56.53917525773196,11.641237113402063,28.982307692307693,2025
2025-06-12,6,22.531958762886596,16.5979381443299,28.959793814432988,0.0597938144329897,1.4185567010309277,62.21958762886598,7.618556701030927,22.525384615384617,2025
2025-06-13,0,20.769072164948454,17.412371134020617,25.145360824742266,26.375257731958765,1.4123711340206186,80.19278350515464,1.3515463917525772,11.461076923076924,2025
2025-06-14,4,22.646874999999998,18.837113402061856,27.854639175257734,42.14536082474227,1.5969072164948455,86.37731958762888,4.029896907216495,14.946461538461538,2025
2025-06-15,1,24.2340206185567,19.59381443298969,29.610309278350513,6.050515463917526,1.839175257731959,81.86907216494845,6.067708333333333,20.76796875,2025
2025-06-16,0,23.203092783505152,20.754639175257733,26.975257731958763,10.056701030927835,2.3010309278350514,85.84948453608247,3.343298969072165,12.165846153846154,2025
2025-06-17,3,23.61855670103093,19.73505154639175,28.64020618556701,1.0051546391752577,2.095876288659794,79.21041666666666,6.8178947368421055,20.81793650793651,2025
2025-06-18,8,24.14020618556701,19.216494845360824,30.008247422680416,0.0907216494845361,1.6876288659793812,72.86458333333333,10.987628865979381,27.442153846153847,2025
2025-06-19,6,25.304123711340207,18.981443298969072,31.058762886597936,0.36391752577319586,1.8051546391752578,73.4319587628866,7.382474226804124,21.515846153846155,2025
2025-06-20,1,24.427835051546392,22.511340206185565,26.79278350515464,22.685567010309278,3.037113402061856,87.05567010309278,0.07938144329896907,5.778,2025
2025-06-21,2,22.11134020618557,19.048453608247424,24.870103092783506,48.855670103092784,2.406185567010309,91.5082474226804,0.08247422680412371,4.760153846153846,2025
2025-06-22,6,22.109278350515464,17.795876288659795,27.763917525773195,4.65360824742268,1.615463917525773,76.75257731958763,8.071134020618556,23.747384615384615,2025
2025-06-23,4,23.62783505154639,17.145360824742266,30.27216494845361,0.0,1.356701030927835,71.7041237113402,11.766666666666666,28.68046153846154,2025
2025-06-24,2,21.211340206185568,18.22577319587629,24.876288659793815,11.518556701030928,1.6422680412371136,83.74226804123711,0.677319587628866,8.085076923076922,2025
2025-06-25,0,21.329896907216494,18.916494845360827,24.778350515463917,3.361855670103093,1.9463917525773198,86.58969072164949,3.3164948453608245,14.437076923076923,2025
2025-06-26,1,22.79484536082474,19.085567010309276,27.375257731958765,0.2329896907216495,1.659375,80.07319587628866,5.893814432989691,20.155076923076923,2025
2025-06-27,10,24.781443298969073,19.60103092783505,30.23298969072165,0.030927835051546393,1.3052083333333333,78.49690721649485,8.263917525773197,22.404153846153847,2025
2025-06-28,12,26.01958762886598,22.329896907216494,30.905154639175258,2.6639175257731957,1.4195876288659792,83.9,5.349484536082474,19.559384615384612,2025
2025-06-29,23,27.2,23.22577319587629,32.07938144329897,0.026804123711340208,1.7752577319587628,78.95463917525774,9.401030927835052,25.103538461538463,2025
2025-06-30,22,27.735416666666666,23.20824742268041,32.58659793814433,0.009278350515463916,1.7750000000000001,76.50309278350515,9.692708333333334,24.87890625,2025
2025-07-01,17,28.035051546391752,24.24536082474227,32.74536082474227,0.5309278350515464,1.8917525773195876,79.44432989690722,7.0562499999999995,21.51234375,2025
2025-07-02,39,28.517525773195874,24.673195876288663,33.20618556701031,0.20927835051546392,1.8329896907216496,76.92268041237114,8.703092783505156,23.84030769230769,2025
2025-07-03,21,28.124742268041235,24.551546391752577,32.78144329896907,0.002061855670103093,1.9381443298969072,74.975,8.813684210526315,23.645555555555557,2025
2025-07-04,15,27.156701030927834,23.621649484536086,31.214432989690724,0.334020618556701,2.2371134020618557,75.23711340206185,6.723711340206186,19.875846153846155,2025
2025-07-05,26,27.947422680412373,24.172164948453606,32.66494845360825,0.0,2.177319587628866,74.37731958762888,9.138144329896907,24.826923076923077,2025
2025-07-06,32,28.3680412371134,24.59381443298969,33.06907216494845,0.0,1.9917525773195874,75.79690721649484,7.755670103092783,23.069384615384614,2025
2025-07-07,37,29.02061855670103,24.692783505154637,34.41443298969072,0.6618556701030927,1.5144329896907216,76.48969072164948,8.827083333333333,23.72323076923077,2025
2025-07-08,89,28.56907216494845,24.67835051546392,33.95876288659794,1.3525773195876287,1.7474226804123711,75.51752577319587,8.947422680412371,22.719384615384616,2025
2025-07-09,35,28.44639175257732,23.70515463917526,33.88453608247423,0.0,1.9536082474226804,65.25463917525774,11.356701030927834,26.81369230769231,2025
2025-07-10,30,27.695876288659793,22.701030927835053,33.08556701030928,0.0,2.3463917525773197,60.978350515463916,10.737499999999999,25.94921875,2025
2025-07-11,22,27.215463917525774,22.537113402061856,32.623711340206185,0.0,2.7030927835051544,59.376288659793815,11.392783505154638,26.78323076923077,2025
2025-07-12,23,26.509278350515466,21.210309278350515,32.521649484536084,0.07938144329896907,1.924742268041237,64.57835051546391,11.156701030927836,26.442,2025
2025-07-13,12,24.437113402061858,20.695876288659793,29.78041237113402,27.984536082474225,1.3608247422680413,81.20416666666667,2.6154639175257732,11.414923076923078,2025
2025-07-14,7,23.375257731958765,20.00515463917526,28.468041237113404,14.850515463917526,2.009278350515464,82.88020833333333,5.429896907216495,18.22323076923077,2025
2025-07-15,2,23.20721649484536,20.475257731958763,26.786597938144332,4.844329896907217,1.7288659793814432,84.75104166666667,2.3876288659793814,13.842923076923077,2025
2025-07-16,0,23.244329896907214,21.322680412371135,25.554639175257734,23.47319587628866,1.8556701030927836,89.19895833333334,0.12395833333333334,4.787460317460318,2025
2025-07-17,2,23.554166666666664,21.504123711340206,26.036082474226806,84.49278350515463,2.4073684210526314,92.61473684210526,0.2860215053763441,5.202258064516129,2025
2025-07-18,1,24.531958762886596,21.289690721649485,28.876288659793815,19.53298969072165,1.7302083333333333,89.57422680412373,2.341237113402062,12.433538461538463,2025
2025-07-19,4,24.20520833333333,22.346875,27.04375,56.42604166666666,2.0494736842105263,92.71666666666665,0.7927083333333332,7.026307692307692,2025
2025-07-20,17,26.629166666666666,22.839583333333334,31.223958333333332,7.651041666666667,1.7599999999999998,83.15416666666667,5.837894736842106,19.33515625,2025
2025-07-21,8,27.11958762886598,23.8659793814433,31.67938144329897,4.189690721649484,1.6708333333333334,83.75567010309278,5.905154639175257,19.421692307692307,2025
2025-07-22,26,27.769072164948454,23.78041237113402,32.75051546391753,0.7907216494845362,1.5406250000000001,79.28556701030928,9.347422680412372,23.98876923076923,2025
2025-07-23,27,27.834020618556703,23.327835051546394,33.26494845360825,0.0,1.2157894736842105,77.60412371134021,10.153125000000001,24.97234375,2025
2025-07-24,30,28.08556701030928,23.27216494845361,33.909278350515464,0.0,1.26,75.94742268041237,10.735416666666666,26.078615384615382,2025
2025-07-25,41,28.557731958762886,23.270103092783504,34.220618556701034,0.24742268041237114,1.5208333333333333,73.99484536082474,11.772631578947369,26.968153846153847,2025
2025-07-26,36,29.04226804123711,23.924742268041236,34.32886597938145,0.0,1.6770833333333333,72.97216494845361,11.691578947368422,26.38523076923077,2025
2025-07-27,43,29.377319587628865,24.663917525773197,34.69381443298969,0.3701030927835051,1.8197916666666665,70.45670103092783,12.01578947368421,27.537384615384617,2025
2025-07-28,55,29.153125,24.163917525773197,34.93814432989691,0.3773195876288659,1.4541666666666666,72.38020833333333,11.845263157894736,26.9640625,2025
2025-07-29,45,28.816666666666666,23.710416666666664,34.64791666666667,0.053125,1.456842105263158,72.71145833333334,11.778947368421052,26.74875,2025
2025-07-30,29,28.34536082474227,23.43092783505155,33.94432989690721,0.0030927835051546395,1.6416666666666666,72.51443298969072,9.217708333333333,23.587619047619047,2025
2025-07-31,27,28.38865979381443,24.283505154639176,33.81237113402062,0.011340206185567012,1.546875,71.86185567010308,8.16736842105263,23.003968253968253,2025
2025-08-01,34,28.545360824742268,23.183505154639178,34.69896907216495,0.0,1.3291666666666668,73.71546391752577,10.652577319587628,24.872,2025
2025-08-02,29,28.92886597938144,24.3,34.7680412371134,0.568041237113402,1.2874999999999999,75.13711340206186,9.150515463917525,23.468923076923076,2025
2025-08-03,12,27.210309278350515,24.00618556701031,31.102061855670105,28.850515463917525,1.6885416666666666,83.53505154639174,0.5288659793814433,9.524615384615386,2025
2025-08-04,9,27.327835051546394,24.186597938144327,31.394845360824743,21.090721649484536,2.0541666666666667,86.31752577319587,3.760824742268041,15.450153846153846,2025
2025-08-05,17,28.124742268041235,24.764948453608245,32.437113402061854,3.8340206185567007,1.76875,81.88041237113401,6.8051546391752575,20.289692307692306,2025
2025-08-06,4,27.35360824742268,25.420618556701033,30.238144329896905,8.894845360824743,2.421875,86.80515463917526,1.2302083333333333,9.666769230769232,2025
2025-08-07,5,27.16185567010309,23.48041237113402,31.447422680412373,0.6494845360824743,1.9145833333333335,78.57010309278351,6.51875,19.8809375,2025
2025-08-08,8,25.72474226804124,21.65463917525773,30.651546391752575,0.0958762886597938,1.2326315789473683,79.1381443298969,6.615463917525774,19.698923076923077,2025
2025-08-09,3,23.843298969072166,21.624742268041235,26.851546391752578,11.82061855670103,1.128125,88.93092783505153,0.19999999999999998,5.780153846153846,2025
2025-08-10,5,24.84639175257732,20.6340206185567,30.09278350515464,20.8659793814433,1.58125,81.60103092783505,7.489690721649485,20.088153846153848,2025
2025-08-11,1,23.599999999999998,20.68144329896907,27.85979381443299,10.768041237113403,1.1708333333333334,88.22164948453609,1.4010309278350517,9.485538461538463,2025
2025-08-12,3,23.85360824742268,20.46082474226804,27.390721649484536,18.129896907216494,1.3614583333333332,87.8381443298969,3.045360824742268,12.17876923076923,2025
2025-08-13,8,26.203125,23.068041237113402,30.25463917525773,19.271134020618558,1.7760416666666667,87.91458333333333,3.678350515463918,13.869375,2025
2025-08-14,11,27.22083333333333,23.786458333333332,31.442268041237114,9.694845360824742,1.7,83.02708333333334,6.564583333333334,18.66890625,2025
2025-08-15,18,27.57113402061856,23.582474226804123,32.76082474226804,1.7690721649484535,1.2907216494845362,80.81958762886597,9.27938144329897,22.991846153846154,2025
2025-08-16,20,27.741237113402065,23.57422680412371,33.03814432989691,0.009278350515463918,1.4288659793814433,78.51443298969072,9.917525773195877,24.23430769230769,2025
2025-08-17,13,27.54226804123711,23.11237113402062,32.865979381443296,0.0,1.4608247422680412,77.85670103092782,8.705208333333333,22.64892307692308,2025
2025-08-18,5,28.008247422680416,24.05360824742268,33.0,0.2649484536082474,1.6144329896907217,77.9319587628866,6.781443298969072,20.015538461538462,2025
2025-08-19,12,28.475257731958763,24.809278350515463,33.12061855670103,0.32164948453608244,1.907216494845361,76.55670103092784,8.48659793814433,21.918000000000003,2025
2025-08-20,12,28.298969072164947,24.36494845360825,33.19175257731958,0.7061855670103093,1.705154639175258,77.040206185567,9.270833333333334,22.68921875,2025
2025-08-21,14,28.314432989690722,24.172164948453606,33.77216494845361,0.8536082474226804,1.294845360824742,77.35360824742268,9.504166666666666,22.4209375,2025
2025-08-22,11,28.423711340206186,24.109278350515464,33.756701030927836,0.2948453608247422,1.4989690721649485,77.08865979381443,10.205154639175257,23.13184615384615,2025
2025-08-23,19,28.40927835051546,23.988659793814435,33.86701030927835,0.024742268041237112,1.4278350515463918,77.20103092783505,9.557731958762886,21.943692307692306,2025
2025-08-24,21,28.758762886597935,24.468041237113404,34.23917525773196,0.020618556701030927,1.4175257731958764,77.540206185567,9.283505154639176,21.868000000000002,2025
2025-08-25,19,28.944329896907217,24.70824742268041,33.90309278350515,2.754639175257732,1.9489583333333333,76.69278350515464,8.69381443298969,21.239384615384616,2025
2025-08-26,3,27.14020618556701,24.337113402061853,31.128865979381445,13.671134020618556,2.0329896907216494,82.80103092783504,4.645652173913043,14.624603174603175,2025
2025-08-27,5,26.717525773195874,22.975257731958763,32.12061855670103,0.26185567010309274,1.3298969072164948,78.04639175257732,8.355670103092784,21.00921875,2025
2025-08-28,6,27.07422680412371,22.93505154639175,32.04020618556701,0.08865979381443301,1.5041237113402062,79.10618556701031,6.027083333333334,18.41640625,2025
2025-08-29,8,28.52783505154639,24.51958762886598,33.462886597938144,0.5494845360824743,1.9329896907216495,77.19484536082474,8.211340206185566,20.239076923076922,2025
2025-08-30,16,28.20721649484536,24.051546391752577,33.70721649484536,1.997938144329897,1.422680412371134,77.90824742268042,8.97319587628866,21.27846153846154,2025
2025-08-31,11,26.79381443298969,23.78041237113402,31.90927835051546,5.558762886597939,1.470103092783505,83.83505154639175,5.0484536082474225,14.811846153846153,2025
2025-09-01,1,26.76701030927835,23.97938144329897,31.315463917525772,11.342268041237114,1.9123711340206186,84.86391752577319,3.7175257731958764,13.51265625,2025
2025-09-02,4,25.54742268041237,22.009278350515466,30.27938144329897,6.401030927835051,1.2381443298969073,83.38969072164949,5.185416666666667,15.008307692307692,2025
2025-09-03,2,25.97319587628866,21.0,31.93092783505155,1.6628865979381442,1.424742268041237,79.3680412371134,8.804166666666667,21.10515625,2025
2025-09-04,4,25.983505154639175,22.713402061855668,30.92989690721649,7.58659793814433,1.5907216494845362,82.2958762886598,4.869072164948454,15.082,2025
2025-09-05,5,26.843298969072166,22.516494845360825,32.36082474226804,1.2268041237113403,1.4556701030927834,78.0680412371134,9.177319587628867,20.94676923076923,2025
2025-09-06,4,27.282474226804126,23.45360824742268,31.982474226804126,6.9989690721649485,2.011340206185567,81.43092783505155,5.736082474226804,16.460307692307694,2025
2025-09-07,4,25.644791666666666,22.191752577319587,29.79381443298969,18.65154639175258,1.6312499999999999,85.47812499999999,2.0526315789473686,10.8653125,2025
2025-09-08,0,23.59072164948454,20.03814432989691,27.917525773195877,2.5783505154639172,1.10625,80.90309278350516,2.7135416666666665,12.280153846153846,2025
2025-09-09,0,21.329896907216494,19.109278350515464,23.9340206185567,14.381443298969073,1.403125,87.17525773195877,0.4552083333333334,6.692615384615384,2025
2025-09-10,1,22.956701030927835,18.938144329896907,28.710309278350515,2.111340206185567,1.5677083333333333,80.55773195876289,6.22,17.473384615384614,2025
2025-09-11,2,23.822680412371135,18.17216494845361,29.776288659793817,0.02577319587628866,1.9556701030927834,73.88247422680412,8.761458333333334,20.406769230769232,2025
2025-09-12,0,23.323711340206188,20.608247422680414,26.91443298969072,12.021649484536082,1.8443298969072166,82.80824742268041,0.8783505154639175,8.397846153846155,2025
2025-09-13,0,24.116494845360826,21.454639175257732,27.904123711340205,32.13917525773196,2.0731958762886595,88.58041237113402,1.576842105263158,9.143015873015873,2025
2025-09-14,1,24.109278350515464,20.824742268041238,28.770103092783504,2.452577319587629,1.131958762886598,84.15463917525773,3.8489583333333335,14.784375,2025
2025-09-15,0,24.70618556701031,21.271134020618558,29.374226804123712,1.9721649484536081,1.0051546391752577,84.61030927835053,4.277083333333334,13.789375,2025
2025-09-16,1,25.674226804123712,22.0,30.770103092783504,8.145360824742268,1.5082474226804126,85.28350515463917,5.504166666666666,15.3515625,2025
2025-09-17,1,24.163917525773197,21.51443298969072,28.79278350515464,21.242268041237114,1.7278350515463916,89.08865979381444,2.795833333333333,9.58125,2025
2025-09-18,0,21.686597938144327,18.989690721649485,25.412371134020617,1.047422680412371,1.824742268041237,80.67216494845361,2.8789473684210525,11.681587301587301,2025
2025-09-19,0,20.75257731958763,18.07422680412371,24.080412371134024,6.677319587628866,1.8144329896907216,79.85979381443299,1.143298969072165,9.421692307692307,2025
2025-09-20,1,20.88556701030928,17.70721649484536,24.870103092783506,32.121649484536086,2.077319587628866,86.5701030927835,2.303092783505155,10.112,2025
2025-09-21,0,20.530927835051546,16.221649484536083,25.98144329896907,0.5144329896907216,1.8010309278350514,77.28247422680413,7.652577319587628,18.0453125,2025
2025-09-22,0,20.459793814432988,16.431958762886598,25.27422680412371,0.0,1.9515463917525775,72.07525773195877,3.995876288659794,14.5175,2025
2025-09-23,0,21.49896907216495,17.379381443298968,26.72061855670103,0.021649484536082474,1.8783505154639175,69.5319587628866,6.692708333333333,17.5415625,2025
2025-09-24,0,22.88865979381443,18.968041237113404,27.035051546391752,6.518556701030928,1.5072164948453608,85.0082474226804,1.5360824742268042,8.54265625,2025
2025-09-25,1,22.62783505154639,20.317525773195875,25.517525773195874,11.549484536082474,1.0195876288659795,91.55154639175258,1.3670103092783505,7.3746875,2025
